date,TSP,SO2,SO4,NO2,YY,MM,TSP_resid,SO2_resid,SO4_resid,NO2_resid
1983-12-01,0.0,0.0,0.0,0.0,83,12,0.0,0.0,0.0,0.0
1983-01-01,0.0,0.0,0.0,0.0,83,1,0.0,0.0,0.0,0.0
1983-02-01,0.0,0.0,0.0,0.0,83,2,0.0,0.0,0.0,0.0
1983-03-01,0.0,0.0,0.0,0.0,83,3,0.0,0.0,0.0,0.0
1983-04-01,0.0,0.0,0.0,0.0,83,4,0.0,0.0,0.0,0.0
1983-05-01,0.0,0.0,0.0,0.0,83,5,0.0,0.0,0.0,0.0
1983-06-01,0.0,0.0,0.0,0.0,83,6,0.0,0.0,0.0,0.0
1983-07-01,0.0,0.0,0.0,0.0,83,7,0.0,0.0,0.0,0.0
1983-08-01,0.0,0.0,0.0,0.0,83,8,0.0,0.0,0.0,0.0
1983-09-01,0.0,0.0,0.0,0.0,83,9,0.0,0.0,0.0,0.0
1983-10-01,0.0,0.0,0.0,0.0,83,10,0.0,0.0,0.0,0.0
1983-11-01,0.0,0.0,0.0,0.0,83,11,0.0,0.0,0.0,0.0
1984-12-01,0.0,0.0,0.0,0.0,84,12,0.0,0.0,0.0,0.0
1984-01-01,0.0,0.0,0.0,0.0,84,1,0.0,0.0,0.0,0.0
1984-02-01,0.0,0.0,0.0,0.0,84,2,0.0,0.0,0.0,0.0
1984-03-01,0.0,0.0,0.0,0.0,84,3,0.0,0.0,0.0,0.0
1984-04-01,0.0,0.0,0.0,0.0,84,4,0.0,0.0,0.0,0.0
1984-05-01,0.0,0.0,0.0,0.0,84,5,0.0,0.0,0.0,0.0
1984-06-01,0.0,0.0,0.0,0.0,84,6,0.0,0.0,0.0,0.0
1984-07-01,0.0,0.0,0.0,0.0,84,7,0.0,0.0,0.0,0.0
1984-08-01,0.0,0.0,0.0,0.0,84,8,0.0,0.0,0.0,0.0
1984-09-01,0.0,0.0,0.0,0.0,84,9,0.0,0.0,0.0,0.0
1984-10-01,0.0,0.0,0.0,0.0,84,10,0.0,0.0,0.0,0.0
1984-11-01,0.0,0.0,0.0,0.0,84,11,0.0,0.0,0.0,0.0
1985-12-01,27.0,0.0,0.0,0.0,85,12,0.0,0.0,0.0,0.0
1985-01-01,50.3,0.0,6.260000000000001,0.0,85,1,3.2955224388035482,0.0,0.0,0.0
1985-02-01,22.8625,0.0,6.055555555555555,0.0,85,2,0.6218540472347471,0.0,1.8343721836591502,0.0
1985-03-01,62.1875,0.0,9.45,0.0,85,3,-0.7888213414316976,0.0,-0.033011924002996684,0.0
1985-04-01,66.1,0.0,1.98,0.0,85,4,1.0003414761315708,0.0,0.44523062519382317,0.0
1985-05-01,87.0,0.0,1.92,0.0,85,5,0.06070044610476355,0.0,-1.5627258090498297,0.0
1985-06-01,76.9090909090909,0.0,1.8454545454545455,0.0,85,6,0.27442498101294444,0.0,-0.03057987769011672,0.0
1985-07-01,63.81818181818182,0.0,1.190909090909091,0.0,85,7,-0.1235984083392605,0.0,-0.03940758568550784,0.0
1985-08-01,46.53333333333333,0.0,2.08,0.0,85,8,-0.18690039311931006,0.0,-0.4378166935107452,0.0
1985-09-01,37.833333333333336,0.0,0.9500000000000001,0.0,85,9,-0.31618368949437636,0.0,0.5578428509409689,0.0
1985-10-01,34.25,0.0,0.0,0.0,85,10,-0.20729284210102916,0.0,0.0,0.0
1985-11-01,25.333333333333332,0.0,0.0,0.0,85,11,-0.09981848076904498,0.0,0.0,0.0
1986-12-01,29.066666666666666,7.9870967741935495,2.8534482758620694,0.0,86,12,-0.3018801031695886,0.0,-0.7834691273119015,0.0
1986-01-01,33.90909090909091,0.0,6.760000000000001,0.0,86,1,-1.5109191243370348,0.0,1.1000133428486973,0.0
1986-02-01,28.0,0.0,6.586666666666667,0.0,86,2,-0.4683918667622744,0.0,0.8626868591344481,0.0
1986-03-01,47.6,0.0,5.753333333333332,0.0,86,3,0.40901020360848017,0.0,-0.02578341148487695,0.0
1986-04-01,72.66666666666667,0.0,5.391666666666667,0.0,86,4,-0.29576662838993784,0.0,-1.0520701211599761,0.0
1986-05-01,88.64285714285714,0.0,3.173333333333334,0.0,86,5,0.22493038007739585,0.0,-0.03152908854229497,0.0
1986-06-01,55.15384615384615,3.290625,4.7185185185185174,0.0,86,6,0.03525451107055044,2.0772074353668635,-0.9850192584440571,0.0
1986-07-01,70.14814814814815,0.9866666666666667,1.4989285714285714,0.0,86,7,-0.3080273939946032,-0.8873693600652282,1.5953319420874645,0.0
1986-08-01,51.96774193548387,0.6530333333333332,1.8709677419354842,0.0,86,8,0.234081273115609,-1.2051206399560932,-0.5527179319449254,0.0
1986-09-01,56.77777777777778,0.93,1.181034482758621,0.0,86,9,0.1347255505610634,-0.4133244633586725,0.07445588822551619,0.0
1986-10-01,35.38260869565217,1.9693548387096778,1.1455172413793109,0.0,86,10,0.40870922582484503,0.35293622666458674,0.05151815031703605,0.0
1986-11-01,24.884615384615383,4.446666666666667,2.1466666666666665,0.0,86,11,-0.0734807293997326,0.7496568270608444,-0.5622700937448757,0.0
1987-12-01,28.203703703703702,6.14,6.346428571428571,0.0,87,12,-0.038034797685187804,0.8138291265289823,1.1870961958390733,0.0
1987-01-01,44.07142857142857,27.925000000000004,7.799999999999998,0.0,87,1,-0.0037569324782755764,0.3220504511994118,0.4578451907003924,0.0
1987-02-01,47.92857142857143,5.885357142857141,6.4325,0.0,87,2,0.053259918436891596,1.5140779173596497,-0.4049885071775656,0.0
1987-03-01,45.774193548387096,1.8554838709677413,6.33225806451613,0.0,87,3,0.6041242859946321,-1.5576742397326515,-0.2280542584200249,0.0
1987-04-01,40.56666666666667,2.4755555555555553,3.8633333333333337,0.0,87,4,-0.41498415320476845,-1.1549422195040426,0.05823076240632985,0.0
1987-05-01,76.65217391304348,0.8244999999999999,3.3347826086956522,0.0,87,5,-0.5629751203600408,0.28769880350578847,-0.4215214842485715,0.0
1987-06-01,56.36666666666667,3.290625,4.670000000000001,0.0,87,6,-0.015200175389707304,-2.1392865389050733,-0.19698100447537215,0.0
1987-07-01,58.41935483870968,0.9866666666666667,2.3709677419354835,0.0,87,7,-0.09673197544374457,2.270184044689925,0.6272492095095938,0.0
1987-08-01,41.523809523809526,0.6530333333333332,4.431818181818183,0.0,87,8,-0.07555653539328144,0.797522349904633,0.23365602218455395,0.0
1987-09-01,50.9,0.04214285714285715,3.17,0.0,87,9,-0.1015182631799032,0.5868024445363144,0.6337312568483698,0.0
1987-10-01,42.107142857142854,1.1780000000000002,3.3032258064516125,0.0,87,10,0.17888415311274697,-2.631462010543934,0.4578761620221624,0.0
1987-11-01,31.142857142857142,6.901481481481481,6.666666666666667,0.0,87,11,0.20622595740949112,1.3213294725032845,0.13761035722588755,0.0
1988-12-01,30.612903225806452,14.099999999999998,4.929032258064517,0.0,88,12,0.19252458817928764,1.3147934941508415,0.8456511928515225,0.0
1988-01-01,56.55172413793103,7.066428571428571,11.39655172413793,0.0,88,1,0.036905142800771173,1.2477130581663358,-0.9019435227957313,0.0
1988-02-01,67.25,11.416551724137928,12.03793103448276,0.0,88,2,0.2578882478016453,-1.2290307926096915,0.094208183593957,0.0
1988-03-01,52.064516129032256,5.394193548387095,9.238709677419358,0.0,88,3,0.6496093008213455,1.580408180581962,0.24396705059529866,0.0
1988-04-01,45.86666666666667,1.8483333333333332,4.470000000000001,0.0,88,4,-0.27172188025733535,1.1744951083175266,-0.11837828359096925,0.0
1988-05-01,72.3,1.130344827586207,3.588,0.0,88,5,-0.3429313142606705,-0.589493755563818,-0.4945807627470291,0.0
1988-06-01,79.33333333333333,1.0744827586206898,5.34074074074074,0.0,88,6,-0.17148473347887982,-0.08642274793972908,-0.38877569959030955,0.0
1988-07-01,53.41379310344828,0.44642857142857134,4.816666666666667,0.0,88,7,0.22812604231704015,-0.37199728179167535,0.45030833054931496,0.0
1988-08-01,47.16129032258065,0.3235483870967742,5.507692307692308,0.0,88,8,-0.30015496318831225,0.10211187117018738,0.5901605817050212,0.0
1988-09-01,34.46666666666667,1.6130000000000002,5.033333333333332,0.0,88,9,0.009345409785683323,0.0825105090901368,0.06719672684716738,0.0
1988-10-01,27.761904761904763,0.8666666666666667,4.66923076923077,0.0,88,10,-0.3729310559032748,2.860364297715462,0.4009977907576767,0.0
1988-11-01,43.13333333333333,8.861481481481482,4.596,0.0,88,11,-0.22816275821688636,-0.9613666340958138,-0.017596678642155306,0.0
1989-12-01,22.387096774193548,5.175483870967741,2.9769230769230766,0.0,89,12,0.5511940162359128,0.9515493977259102,-0.14433780478206382,0.0
1989-01-01,19.35483870967742,6.671612903225808,3.5225806451612898,0.0,89,1,-0.37831587945008804,-0.5021309820734825,-0.901135129580521,0.0
1989-02-01,37.392857142857146,4.320000000000001,5.321739130434783,0.0,89,2,-0.8016406318497586,-0.2959787900308446,-0.9475202744163864,0.0
1989-03-01,44.93103448275862,3.8858064516129036,6.900000000000001,0.0,89,3,0.24472553032574806,-0.14239017271435173,-0.10481568981590317,0.0
1989-04-01,71.43333333333334,5.345333333333333,7.428,0.0,89,4,-0.055941270233939466,0.6564214380845252,0.18041501856251885,0.0
1989-05-01,93.88461538461539,0.9716129032258065,7.119230769230768,0.0,89,5,0.3792015712743422,0.9704949235283961,0.3787368031140317,0.0
1989-06-01,61.827586206896555,0.9543333333333333,5.936,0.0,89,6,0.13708905086912537,-0.5746156415501535,0.16509688909005282,0.0
1989-07-01,51.064516129032256,0.40435483870967753,3.061538461538461,0.0,89,7,-0.07418152188991733,-0.3196493014534901,-0.015704086277416707,0.0
1989-08-01,36.25806451612903,0.3470967741935484,4.415384615384616,0.0,89,8,-0.13684337114217104,-0.0032853995230989197,-0.2399956821410818,0.0
1989-09-01,35.407407407407405,0.6823333333333335,4.1130434782608685,0.0,89,9,-0.17463536335590124,0.1563435038237957,0.07978576667928317,0.0
1989-10-01,18.608695652173914,0.71,4.030769230769231,0.0,89,10,-0.10694476753321824,0.9895392359745867,0.24714635957228492,0.0
1989-11-01,46.285714285714285,2.7129999999999996,5.564,0.0,89,11,-0.5010366864081504,-0.4591886427604043,-0.02343456956715073,0.0
1990-12-01,24.095238095238095,3.734193548387097,4.507692307692308,0.0,90,12,0.663834414225108,-0.4106781111476736,0.2814124557752411,0.0
1990-01-01,23.25,4.2470967741935475,4.192307692307692,0.0,90,1,-0.13872747359178872,-0.12527684553641705,-0.3513704683588883,0.0
1990-02-01,29.035714285714285,3.7423809523809526,5.360869565217391,0.0,90,2,-0.39212177172755514,-0.3879852895510367,-0.6631661128439055,0.0
1990-03-01,21.29032258064516,3.8858064516129036,3.4807692307692317,0.0,90,3,-0.057812893251945496,0.06885591860478324,-0.19718699304603526,0.0
1990-04-01,45.766666666666666,1.1730769230769231,6.120833333333334,0.0,90,4,-0.6762471158966847,0.6312897642639382,-0.6434965101177501,0.0
1990-05-01,57.935483870967744,0.8700000000000001,1.7423076923076926,0.0,90,5,0.1335267126547719,-0.7359301652055211,0.34419892046117595,0.0
1990-06-01,25.966666666666665,0.6643333333333332,1.432,0.0,90,6,-0.13235865921018597,0.1927888810419406,-1.1553811166636212,0.0
1990-07-01,42.793103448275865,0.7307407407407406,2.226923076923077,0.0,90,7,-0.6495773133642517,-0.3582722501092632,-0.6289387591292068,0.0
1990-08-01,23.612903225806452,0.573,2.2307692307692304,0.0,90,8,0.1299390609457749,0.9067426614926821,0.5415692699074008,0.0
1990-09-01,18.529411764705884,0.8853333333333333,2.627999999999999,0.0,90,9,-0.3092637042158586,0.5793362194967158,-0.23334455598213022,0.0
1990-10-01,33.32142857142857,1.869354838709677,4.25,0.0,90,10,-0.40844653155267263,0.9410709194276846,0.21708934004440505,0.0
1990-11-01,17.6,2.431666666666666,2.6919999999999997,0.0,90,11,0.5880944735921791,0.6497096398912264,0.4222684295719621,0.0
1991-12-01,16.93548387096774,3.475806451612903,4.11923076923077,0.0,91,12,-0.38261714139657865,-0.6755985561965121,-0.4704434476861069,0.0
1991-01-01,16.419354838709676,3.6109677419354838,4.73076923076923,0.0,91,1,-0.00017218377784145034,-0.08879081430959923,0.0048107189521471305,0.0
1991-02-01,41.17857142857143,11.73076923076923,13.38695652173913,0.0,91,2,-0.3345334364293544,-0.3844794624792811,-0.23365388411324783,0.0
1991-03-01,35.310344827586206,1.5503333333333333,10.565384615384614,0.0,91,3,0.6354369135778168,1.2857819008106695,0.7913217879552428,0.0
1991-04-01,45.766666666666666,1.1730769230769231,6.120833333333334,0.0,91,4,0.07652313282913203,-0.8307064074862127,0.28062285435132495,0.0
1991-05-01,62.63333333333333,0.6770967741935485,3.826923076923076,0.0,91,5,0.13132327141571176,-0.2257452184800549,-0.3336873682888466,0.0
1991-06-01,46.07142857142857,0.6821428571428573,3.534782608695652,0.0,91,6,0.08489354119269699,-0.1057342014685606,-0.105752176516001,0.0
1991-07-01,32.37931034482759,0.45774193548387093,2.603846153846154,0.0,91,7,0.12067953294989975,-0.15122981770039812,0.062390211223702474,0.0
1991-08-01,39.67741935483871,0.309375,2.623076923076923,0.0,91,8,-0.2601042437885477,0.24339461875010127,-0.058787631563984255,0.0
1991-09-01,29.466666666666665,0.7527586206896553,2.748,0.0,91,9,0.37953513820583895,0.02447894397967465,-0.19513349304133032,0.0
1991-10-01,37.92,1.607741935483871,3.3576923076923078,0.0,91,10,0.02293381605223388,0.8360372035255099,0.11127129384782264,0.0
1991-11-01,21.1,2.861666666666667,5.9319999999999995,0.0,91,11,0.4744550518085049,0.4850027966278864,0.006790345825326227,0.0
1992-12-01,16.93548387096774,1.8683333333333334,5.11153846153846,0.0,92,12,-0.20426696638549702,-0.23080640153623855,0.5981712313308911,0.0
1992-01-01,20.666666666666668,5.548387096774194,4.0838709677419365,0.0,92,1,-0.09838126487273913,-0.6729175856644735,-0.19105033883417866,0.0
1992-02-01,21.714285714285715,5.402068965517242,7.817241379310343,0.0,92,2,-0.10252266667066845,0.41597821378017796,-0.6130868215176846,0.0
1992-03-01,44.45161290322581,4.330000000000001,8.0,0.0,92,3,-0.2233443748149524,0.1530745472049133,0.024417876961256635,0.0
1992-04-01,30.714285714285715,0.9391666666666668,6.963333333333335,0.0,92,4,0.4275379627884086,0.7208905640674819,0.11432090894341651,0.0
1992-05-01,51.483870967741936,0.7967741935483872,3.6870967741935496,0.0,92,5,-0.3604847471536705,-0.6787445881483104,0.1342363589936768,0.0
1992-06-01,47.1,0.20033333333333334,2.5233333333333334,0.0,92,6,-0.025978241970261884,0.1886326564208039,-0.31148812631767786,0.0
1992-07-01,47.16129032258065,0.11854838709677419,2.9161290322580653,0.0,92,7,0.19428264799745287,-1.3658761729211792,-0.38601662643822787,0.0
1992-08-01,49.206896551724135,0.2330645161290323,5.067741935483871,0.0,92,8,0.17727392694474542,-0.6833778242142694,0.3169977466502272,0.0
1992-09-01,52.833333333333336,0.408,2.986666666666667,0.0,92,9,0.4425591655830994,0.3040619740852617,0.4641577702205768,0.0
1992-10-01,26.65,0.8106451612903227,3.320689655172413,0.0,92,10,0.5288266105684416,0.29524795376057755,-0.16626960174397176,0.0
1992-11-01,17.4375,1.5036666666666667,3.6719999999999997,0.0,92,11,-0.15442803818063977,0.06368259381362759,-0.08121188447263217,0.0
1993-12-01,29.322580645161292,3.659677419354839,4.448387096774193,0.0,93,12,-0.32515030993606864,-0.4281691675672695,-0.12840753232837976,0.0
1993-01-01,15.7,1.7462903225806454,4.208333333333334,0.0,93,1,0.48710150243135253,0.5340037599790709,-0.027627906716565676,0.0
1993-02-01,22.05,4.615185185185185,1.7173913043478262,0.0,93,2,-0.5442235792577645,-0.8731157385579732,-0.30510627019302583,0.0
1993-03-01,36.83870967741935,3.9489999999999994,4.661290322580645,0.0,93,3,-0.1509844706013892,0.5255571195895077,-1.3821811838722486,0.0
1993-04-01,44.46666666666667,1.863,2.499999999999999,0.0,93,4,0.14170194161505467,0.7303175888924167,0.36376150960935316,0.0
1993-05-01,60.38709677419355,1.1929032258064516,1.5419354838709678,0.0,93,5,0.0899467498880453,0.3557508146115905,-0.49788801579790953,0.0
1993-06-01,31.366666666666667,0.4516666666666667,1.5866666666666667,0.0,93,6,0.015482985211225042,0.4948563706637983,-0.47965705656856156,0.0
1993-07-01,40.46666666666667,0.6419354838709678,2.5645161290322585,0.0,93,7,-0.3271313236317619,-0.31725500565976383,-0.11685820174302097,0.0
1993-08-01,28.333333333333332,0.27177419354838706,1.5645161290322585,0.0,93,8,0.07231070194588707,0.9440877793492373,0.4914438295631477,0.0
1993-09-01,26.666666666666668,0.4838333333333334,2.044827586206897,0.0,93,9,-0.1396638968852555,-0.13370556211470808,-0.6696908556593981,0.0
1993-10-01,26.392857142857142,0.6613793103448274,3.1225806451612903,0.0,93,10,-0.06630581737737673,0.3511194971489936,0.18307317481724994,0.0
1993-11-01,23.93103448275862,4.0458620689655165,6.746666666666667,0.0,93,11,0.1055717319390368,-0.22484540912898282,0.28321484590891277,0.0
1994-12-01,25.55,2.88741935483871,4.134782608695652,0.0,94,12,0.13349977416479408,0.6902365221816948,0.7598865531333456,0.0
1994-01-01,24.866666666666667,2.2246666666666663,3.903225806451613,0.0,94,1,0.27048211323906335,-0.15973153617729285,-0.3438037614100147,0.0
1994-02-01,34.357142857142854,3.831785714285714,4.414285714285715,0.0,94,2,0.07937932810544623,-0.4416513975560783,-0.3516874076213661,0.0
1994-03-01,33.55172413793103,2.43516129032258,3.3275862068965503,0.0,94,3,0.22864244278158985,0.12218465740526474,0.012887358391340697,0.0
1994-04-01,60.36666666666667,1.1566666666666667,3.5466666666666664,0.0,94,4,-0.09200186354774154,0.1375356855990013,-0.4546831859435634,0.0
1994-05-01,47.45161290322581,0.20999999999999996,1.6548387096774193,0.0,94,5,0.3872077025284266,-0.048587129776304805,0.09952272265906092,0.0
1994-06-01,33.84,0.4516666666666667,1.3299999999999996,0.0,94,6,-0.33337822656587024,-1.1762435925814057,-0.41371904220091527,0.0
1994-07-01,28.741935483870968,0.1906451612903226,1.1290322580645165,0.0,94,7,-0.17174354946916548,0.35569640504464906,-0.35160731093411524,0.0
1994-08-01,31.066666666666666,0.1806451612903226,1.5161290322580645,0.0,94,8,-0.31676185619246366,-0.3543769241608048,-0.28103061162903126,0.0
1994-09-01,41.36666666666667,0.32249999999999995,1.9700000000000002,0.0,94,9,0.05414425151622737,-0.02137193233709489,0.013659331775408956,0.0
1994-10-01,34.13636363636363,0.49000000000000005,1.4032258064516128,0.0,94,10,0.3632203287458209,0.1436376783696205,0.24202507966447473,0.0
1994-11-01,27.47826086956522,0.9183333333333334,1.460869565217391,0.0,94,11,0.21864297977519476,-0.22354825531188427,-0.5261782983625964,0.0
1995-12-01,10.0,1.0076666666666667,2.6900000000000004,0.0,95,12,0.14418696163160627,-0.6717694450278048,-0.5151391926522899,0.0
1995-01-01,34.03448275862069,3.1990322580645163,5.062068965517242,0.0,95,1,-0.793869148815316,-0.5296967302666387,0.2423172260559565,0.0
1995-02-01,28.857142857142858,1.2042857142857142,1.671428571428572,0.0,95,2,0.6086977664752338,0.5472336194169872,0.4440929421142874,0.0
1995-03-01,26.516129032258064,0.9409677419354839,2.6322580645161286,0.0,95,3,-0.04540371348870931,-0.9731700517528511,-1.1683269872594033,0.0
1995-04-01,57.666666666666664,0.8973333333333335,3.9933333333333327,0.0,95,4,-0.26719072421216694,-0.2445669179005072,0.0055570546961685174,0.0
1995-05-01,61.903225806451616,0.5099999999999999,3.080645161290323,0.0,95,5,0.372229923984678,0.25647646733901364,0.44678523601731357,0.0
1995-06-01,42.357142857142854,0.5742857142857142,2.971428571428571,0.0,95,6,0.015234676302468664,0.2314853174713164,0.2928901787489129,0.0
1995-07-01,36.483870967741936,0.3822580645161291,1.8967741935483868,0.0,95,7,0.022434450886719137,0.46229610454134107,0.2725026314598501,0.0
1995-08-01,34.05555555555556,0.41362068965517235,2.1777777777777785,0.0,95,8,-0.10127382839587051,0.4987609623251048,-0.04631946685051824,0.0
1995-09-01,28.31578947368421,0.68,2.7550000000000003,0.0,95,9,0.053842176387304264,0.730258102398171,-0.03789483454129661,0.0
1995-10-01,12.76923076923077,0.4227419354838711,1.7150000000000003,0.0,95,10,-0.12059004295469711,0.7032158691353634,0.35189429026291497,0.0
1995-11-01,12.833333333333334,0.5750000000000001,1.416,0.0,95,11,-0.7150148962423764,-0.5108558773596272,-0.33621197435943306,0.0
1996-12-01,13.058823529411764,1.88741935483871,2.5655172413793106,0.0,96,12,-0.3466091627437331,-0.9289238626123967,-0.42815843442598445,0.0
1996-01-01,18.5,5.070322580645161,3.3150000000000004,0.0,96,1,-0.1312520166509774,0.40121239909316875,0.11368523901388139,0.0
1996-02-01,13.894736842105264,4.258620689655173,3.373684210526315,0.0,96,2,-0.032141809204548455,0.7711210841581354,-0.06250145804241414,0.0
1996-03-01,19.483870967741936,2.8477419354838713,4.195161290322582,0.0,96,3,-0.5007134221720051,0.3211328040295707,0.07727742696830697,0.0
1996-04-01,43.63333333333333,1.3916666666666668,3.9733333333333323,0.0,96,4,-0.20010080390338514,0.4773527258338579,0.12227597644368271,0.0
1996-05-01,56.17391304347826,0.5960869565217392,3.465217391304348,0.0,96,5,0.3073083339766205,0.236559608634692,0.0688409284695688,0.0
1996-06-01,41.642857142857146,0.28589285714285717,2.6142857142857143,0.0,96,6,0.1716574831016331,0.12500016785412082,0.2600824309342673,0.0
1996-07-01,36.2,0.10177419354838707,2.0533333333333332,0.0,96,7,0.20632404080441047,-0.44417239621250926,-0.0038358563827867176,0.0
1996-08-01,29.653846153846153,0.30629032258064515,2.883870967741935,0.0,96,8,0.07115330401099706,-0.7387844680123072,0.05420815356623121,0.0
1996-09-01,31.85185185185185,0.20624999999999996,2.4232142857142853,0.0,96,9,0.057576593158479294,0.7332554934623965,0.25298316867460235,0.0
1996-10-01,17.555555555555557,0.47124999999999995,2.599999999999999,0.0,96,10,0.18364018577468233,-0.4893226695882902,0.043460023201032816,0.0
1996-11-01,17.310344827586206,0.3549999999999999,3.7344827586206892,0.0,96,11,-0.21824520029781258,0.10544722239788806,0.11181323085865613,0.0
1997-12-01,6.9523809523809526,2.8635483870967735,2.3714285714285714,6.328571428571427,97,12,0.0039119248321219935,-1.2554543126586495,0.3606771267202349,0.0
1997-01-01,8.666666666666666,1.6570967741935483,1.748387096774194,0.0,97,1,-0.7666167693273118,0.9745602887306621,-0.4827739148507165,0.0
1997-02-01,11.428571428571429,1.6212499999999999,2.2428571428571424,0.0,97,2,-0.5602974675759325,-0.5470398495044503,-0.6976211851147289,0.0
1997-03-01,14.785714285714286,0.5996774193548389,1.7274193548387096,0.0,97,3,-0.3297186275550401,-0.25689362809145105,-0.18058825253884792,0.0
1997-04-01,22.166666666666668,0.7263333333333334,2.1750000000000003,0.0,97,4,-0.2635628066812168,-0.7306563458461294,-0.49978370191767263,0.0
1997-05-01,53.8125,0.29032258064516125,1.8625,0.0,97,5,-0.19197325016697464,0.21191557222756713,0.029140628438464877,0.0
1997-06-01,38.8235294117647,0.15796296296296297,1.7421052631578948,0.0,97,6,0.44833362611935934,-0.21758743860446095,0.07417959025258414,0.0
1997-07-01,33.8421052631579,0.1546774193548387,1.0749999999999997,0.0,97,7,0.29955212120373975,-0.5395136981384843,0.05502549848537097,0.0
1997-08-01,30.105263157894736,0.28933333333333333,1.7999999999999996,2.659047619047619,97,8,0.17502329697295327,0.1919855386639313,-0.29537151524597666,1.845186488212775
1997-09-01,29.57894736842105,0.364,2.3999999999999995,3.1888888888888887,97,9,0.23258115766019705,0.6291189090157048,0.14411142999065185,-0.8669944463654541
1997-10-01,13.11111111111111,0.533888888888889,2.3425000000000002,4.095000000000001,97,10,0.2193882471900146,0.3482264391609815,0.4334815640362655,0.1818164094984306
1997-11-01,13.85,1.3272222222222223,4.005,3.8699999999999997,97,11,-0.343354347171394,0.18491666744538604,0.05355228577569526,0.25020613755387866
1998-12-01,9.928571428571429,2.0166666666666666,3.1399999999999997,4.689473684210526,98,12,-0.021078864877206893,0.3395172007866622,0.3960997919377871,-0.056400221700345865
1998-01-01,13.476190476190476,2.3061290322580645,3.9142857142857124,8.08,98,1,-0.1344579402833017,0.1440286338443768,-0.059216516988968015,0.19217780773387938
1998-02-01,14.384615384615385,2.4733333333333327,3.5230769230769234,3.8470588235294123,98,2,-0.036148606066130906,0.053913838475046494,0.13532727410549383,0.5441834982595994
1998-03-01,9.466666666666667,1.2351612903225806,3.53125,4.704761904761905,98,3,-0.10947147626805975,0.16325797681887122,-0.05720641283979666,-0.7419709346001813
1998-04-01,29.666666666666668,0.7824137931034482,4.153333333333333,3.0649999999999995,98,4,-0.7069173485917841,0.008845037546008738,0.044641862788367126,0.20137814369026508
1998-05-01,56.6875,0.19935483870967738,2.79375,2.2047619047619045,98,5,0.27273529811406894,0.04120369074778235,0.27644429769685996,-0.42841562994776594
1998-06-01,38.8235294117647,0.17047619047619048,4.46,1.4928571428571427,98,6,0.41418353583201517,-0.5794108127693891,0.10079262821702106,-0.32931613801854687
1998-07-01,24.0,0.025416666666666667,1.0749999999999997,1.7374999999999998,98,7,0.27332628698234096,-0.24891405080776918,0.7020684818223406,-0.3898158158195952
1998-08-01,22.076923076923077,0.018064516129032256,1.4461538461538466,1.5619047619047617,98,8,-0.17208300884183858,-1.6490259098468352,-0.7483180750731868,-0.7706139118190074
1998-09-01,38.53846153846154,0.10766666666666666,1.7066666666666668,2.4157894736842103,98,9,0.012629796316584674,-1.584140649389496,-0.19143185705960336,0.7606769426955916
1998-10-01,5.833333333333333,0.23354838709677414,1.6105263157894734,3.082608695652174,98,10,0.5900571755768524,0.13672437653779212,0.09964382508859199,0.555234679545519
1998-11-01,2.8333333333333335,1.7590000000000001,2.7333333333333334,6.821739130434783,98,11,-1.1356542038461086,-0.06008303141112159,-0.11302315486088321,0.3308621113296468
1999-12-01,11.0,1.1258064516129034,2.9375,2.1049999999999995,99,12,-1.3338863857367187,1.078319092328491,0.22782920651727023,1.1006784048991527
1999-01-01,11.866666666666667,2.3061290322580645,3.075,8.08,99,1,0.5433380725239847,-0.32516826063964627,0.04798912750397788,-0.6665096649000893
1999-02-01,16.5,4.919230769230769,3.284615384615385,3.938888888888888,99,2,0.00990793967171788,0.45968176611342143,-0.15674753285901,0.5249573654388573
1999-03-01,19.75,1.4741935483870965,3.006249999999999,4.166666666666666,99,3,0.24755518985260228,1.04584846274766,0.002627759622386039,0.3010919465558728
1999-04-01,44.53333333333333,0.645,2.283333333333333,2.7499999999999996,99,4,0.2257837091874615,0.1485272096351543,-0.13019609914415997,0.09974424114411362
1999-05-01,35.3125,0.482258064516129,1.7937499999999997,1.4619047619047618,99,5,0.5633050324310576,-0.05212508331803506,-0.2793782156138862,0.12198632470866488
1999-06-01,32.857142857142854,0.5775862068965519,2.073333333333333,1.405,99,6,-0.16289725420770473,0.6051857463526232,-0.026338497903793057,-0.21354491316575935
1999-07-01,33.8,0.12741935483870964,5.1066666666666665,2.085,99,7,0.24164261132867937,0.8452725130156372,0.11711653032586111,0.17043478754088295
1999-08-01,24.666666666666668,0.09838709677419352,1.6133333333333337,2.705263157894737,99,8,0.296118148073536,-0.12880994070338136,1.3777095418940082,0.016767490539178143
1999-09-01,24.25,0.16071428571428575,1.7208333333333334,2.9222222222222225,99,9,0.08409041113052318,-0.1802279087776708,-0.689195030654847,0.7313714367294932
1999-10-01,14.357142857142858,0.4741935483870967,1.7156250000000002,2.695238095238095,99,10,0.0600005338421421,-0.0860826052269601,-0.08264587755326769,0.2045961398375331
1999-11-01,4.916666666666667,2.566666666666667,1.7666666666666666,4.735,99,11,0.04504655612432673,0.44359495144521166,-0.02490995564191756,-0.11388073593199266
2000-12-01,11.64516129032258,0.26612903225806456,1.929032258064516,7.3100000000000005,0,12,-0.853293096706979,0.9741948389253413,-0.21932934082213296,0.11946505216154013
2000-01-01,18.8,1.5806451612903225,3.813333333333334,2.447619047619047,0,1,0.3545611077706283,-1.9601036541113288,-0.16095424436658412,1.0671753989858144
2000-02-01,18.785714285714285,0.398076923076923,2.0285714285714285,1.9235294117647062,0,2,0.3891259397324669,0.4101946827300168,0.4038640753105829,-1.3746315473330837
2000-03-01,14.0,0.3532258064516129,2.1875,1.2999999999999998,0,3,0.15333778833655476,-1.535571126838406,-0.524452969230601,-0.27313696860213255
2000-04-01,45.733333333333334,0.9683333333333335,3.4733333333333336,1.9052631578947365,0,4,-0.2703744960512515,-0.4564934860579035,-0.1742811638959938,-0.8370972953968663
2000-05-01,34.4,0.24516129032258052,1.575,1.9809523809523806,0,5,0.5422702380375011,0.9200419050865638,0.475076467116496,0.1914055927217332
2000-06-01,29.933333333333334,0.515,0.9533333333333335,2.1700000000000004,0,6,-0.2337601926908479,-0.19066226468385583,-0.2894223578959995,0.5374311573321634
2000-07-01,29.6875,0.13548387096774192,1.4249999999999998,1.3857142857142857,0,7,0.07986933699970544,0.9370928559442337,-0.5436185010219572,0.6052713417343341
2000-08-01,15.46875,0.42580645161290337,1.21875,3.0095238095238095,0,8,0.11911866119896342,0.0955025581952258,0.1531219780813436,-0.46765219031967153
2000-09-01,18.066666666666666,0.13666666666666663,1.0333333333333332,3.8049999999999997,0,9,-0.38481756524980915,1.3908391292432194,-0.103818083076535,0.7557683879785475
2000-10-01,17.8125,0.1833333333333332,2.5625,4.07,0,10,-0.12094154380041111,-0.6562709382640994,-0.23157050907612392,0.4676788790539249
2000-11-01,14.466666666666667,0.26,3.0249999999999995,5.86,0,11,0.3617347307160905,-0.47674090164733585,0.69799909172646,0.34158896579832554
2001-12-01,11.64516129032258,0.26612903225806456,1.929032258064516,7.3100000000000005,1,12,0.29140784833134337,-1.078127707303034,0.29322578445116776,0.2245333770273319
2001-01-01,13.868421052631579,0.3548387096774193,2.947368421052632,6.310000000000002,1,1,0.014042184948172665,-0.8177430263339156,-0.3923206254871162,0.5125197278598326
2001-02-01,26.31578947368421,0.9053571428571429,2.636842105263158,4.742105263157894,1,2,-0.022496783617476535,-0.9895228332826531,0.019345736856319462,0.13619679878197632
2001-03-01,19.11111111111111,0.37741935483870975,2.233333333333333,4.514999999999999,1,3,0.5051989298917854,0.16214685584302024,0.007274406890538598,0.40426103309746986
2001-04-01,49.3,0.23999999999999994,4.995,3.5149999999999997,1,4,-0.061304728904071126,-0.42758026246419845,-0.20006991457821344,0.331088573695528
2001-05-01,28.7,0.24499999999999986,1.3526315789473684,2.345,1,5,0.41518900378195633,-0.4776929276173544,0.6902060653130788,0.11379253586849258
2001-06-01,26.85,0.3399999999999999,1.7200000000000002,2.505,1,6,-0.4838304798131028,0.459509966175609,-0.5477242659036989,-0.02266844152316916
2001-07-01,38.5,0.1483870967741935,1.4533333333333334,2.112,1,7,-0.052739611700975075,0.5737786489903618,0.21144243406895735,0.13233014993157433
2001-08-01,14.2,0.06612903225806452,1.4133333333333333,3.590909090909091,1,8,0.3505156014671402,0.4876509807081977,0.12116539245609914,-0.2493915531630061
2001-09-01,5.5,0.07,1.4000000000000001,3.9157894736842103,1,9,-0.5424417836615465,-0.5185064008965221,-0.10086227423710215,0.2968946371176384
2001-10-01,17.8125,0.31451612903225806,2.5625,4.423809523809523,1,10,-1.323514872753523,-0.4226771989789877,0.03860736990433722,0.020605566443175682
2001-11-01,14.466666666666667,0.26,3.0249999999999995,5.86,1,11,0.6375461635737159,0.5819725490185361,0.4085281661537308,0.05063519776024905
2002-12-01,8.8125,2.2193548387096778,4.99375,11.890476190476189,2,12,0.31565761509906265,-0.889599235796593,0.17037807560417295,-0.07528667327523908
2002-01-01,22.5625,0.6535714285714287,2.9937499999999995,6.621052631578948,2,1,-0.2175031995845198,1.6120270085304826,0.6204978156600469,0.7033805515703828
2002-02-01,23.76923076923077,0.3749999999999998,2.0615384615384618,4.664705882352941,2,2,0.5924261475948516,-0.801953895697146,-0.37274996774239133,-0.2625799408878158
2002-03-01,25.4375,0.40967741935483865,2.19375,6.073684210526315,2,3,0.2659758061494797,-0.8587932604055455,-0.44307221930613183,0.0397178097403974
2002-04-01,43.13333333333333,1.1666666666666665,3.019999999999999,5.159999999999999,2,4,0.2768943905745571,0.08962793686696935,-0.08342665991391163,0.31400231377216103
2002-05-01,27.9375,0.16290322580645167,1.553125,4.121052631578947,2,5,0.17521654149367594,1.2360814229943315,0.17589005989054252,0.23839706575481778
2002-06-01,33.0,0.13399999999999995,0.9999999999999998,3.570000000000001,2,6,-0.42398231721130797,-0.47767018920218574,-0.0932713979639418,0.3076569744462996
2002-07-01,34.785714285714285,0.11935483870967743,1.714285714285714,4.109523809523809,2,7,0.17429557020628694,-0.2679489611797874,-0.4632079280873306,0.12498507170653372
2002-08-01,33.0625,0.24354838709677412,3.44375,5.45909090909091,2,8,0.15999140410338875,0.5677282395905641,0.5297218888079566,0.13849437845837587
2002-09-01,48.333333333333336,0.1449999999999999,7.673333333333333,5.465,2,9,0.380340570947177,1.0003638074132968,0.8050591659220294,0.2478995050150139
2002-10-01,14.875,0.15322580645161285,1.4374999999999996,4.575,2,10,0.7352509655182708,-0.02202647545087788,1.240130670475461,-0.0036636906513602963
2002-11-01,7.066666666666666,0.44000000000000006,1.5733333333333333,6.025000000000001,2,11,-0.31847514232627194,-0.4511067522308414,-1.1014323153014645,-0.2680406849359236
2003-12-01,8.8125,2.2193548387096778,4.99375,11.890476190476189,3,12,-0.6027442905289149,-0.00012983124375698374,-0.4021448272538453,-0.2616626955385355
2003-01-01,20.9375,1.5193548387096778,3.5812500000000003,5.013636363636363,3,1,-0.1682803727253086,1.2282739768518116,0.834437224946609,0.32023620329882707
2003-02-01,9.785714285714286,2.392857142857143,3.614285714285714,10.616666666666667,3,2,0.34589307062348107,0.14686471152370761,-0.05358899136997941,-0.6411046980341029
2003-03-01,30.875,1.5225806451612904,3.7125,6.782608695652174,3,3,-0.7259604871797056,0.8114137858798316,0.11843822203619814,0.8190820932966536
2003-04-01,33.13333333333333,1.2233333333333336,4.680000000000001,4.383333333333334,3,4,0.6227552013477808,0.7061767297344381,0.12079264394191047,-0.03179419779056847
2003-05-01,44.875,1.1258064516129034,2.3125,4.533333333333333,3,5,-0.17109323631883466,0.5552855122368355,0.3348045024736832,-0.19072448826635835
2003-06-01,30.6,0.20499999999999993,0.817857142857143,5.180000000000001,3,6,0.15014875689713358,1.3580977483518892,-0.05889613719836295,0.21648152833360323
2003-07-01,30.9375,0.182258064516129,2.7875000000000005,3.525000000000001,3,7,-0.05901230705128713,-0.6235697194354134,-0.8134148256970236,0.3266149533443743
2003-08-01,34.25,0.10645161290322583,1.2187500000000002,4.1952380952380945,3,8,0.013293641315418547,0.5630369960780279,0.9462221121988101,-0.308701741308391
2003-09-01,18.428571428571427,0.35666666666666663,2.0214285714285714,5.552631578947368,3,9,0.38543033014009875,-0.31715277697514943,-0.6311581579494249,-0.1283534886716
2003-10-01,14.875,0.15322580645161285,1.4374999999999996,4.575,3,10,-0.329146410139757,0.9594697566369665,0.12713819070076904,0.016968072738660522
2003-11-01,7.066666666666666,0.44000000000000006,1.5733333333333333,6.025000000000001,3,11,-0.015779070335273815,-0.8756884261925322,-0.06910600751305346,-0.24801808255998825
2004-12-01,11.076923076923077,0.7419354838709677,2.7384615384615385,11.890476190476189,4,12,-0.48280429147867765,-0.19368352339828632,-0.14374773725631068,-0.24161644656571823
2004-01-01,12.4375,2.1290322580645165,3.2187500000000004,7.995238095238094,4,1,0.12936483868479032,-0.21504476304956716,0.18741477778350535,0.2527471072507619
2004-02-01,21.0,3.337931034482759,3.2499999999999996,11.9,4,2,-0.23167354879343316,0.675545175728902,0.09123615877856128,-0.05688256078352394
2004-03-01,26.066666666666666,0.874193548387097,1.4733333333333336,9.556521739130437,4,3,0.28915431203094233,0.7940456715346007,0.06224039357420774,0.5369014860543642
2004-04-01,17.285714285714285,1.4900000000000004,1.3142857142857145,4.4350000000000005,4,4,0.22403530946885564,-0.18905161482970137,-0.7566072149932835,0.23594351053837048
2004-05-01,26.9375,0.18387096774193537,1.8875000000000002,4.0137931034482754,4,5,-0.7586971315149635,0.7381529679760706,-0.4987655526060906,-0.2971372693804293
2004-06-01,32.61538461538461,0.21730769230769229,0.9000000000000001,6.099999999999999,4,6,-0.1734907642024237,-0.8114451398135439,0.5218382706681712,-0.03712587822808522
2004-07-01,17.53846153846154,0.144,1.5769230769230769,3.953333333333333,4,7,0.21914003395483928,0.04459151948446438,-0.34977016296553237,0.3748974962049658
2004-08-01,14.375,0.33999999999999997,1.5875000000000001,3.0142857142857142,4,8,-0.48538321082477287,0.19587080100518905,0.2961524367296551,-0.21909069520872082
2004-09-01,17.0,0.22999999999999995,1.6615384615384612,2.3549999999999995,4,9,-0.2786260122634605,0.9324864642647885,0.18443739825436378,-0.5082948875237105
2004-10-01,4.3076923076923075,0.23548387096774182,0.676923076923077,3.558333333333333,4,10,-0.00954013319012148,-0.040475329948842065,0.07752897982365092,-0.7956029367683332
2004-11-01,8.071428571428571,0.42666666666666664,1.757142857142857,2.285,4,11,-1.0664045940762739,-0.24329138355171942,-0.8930251199108828,-0.18727909446667002
2005-12-01,11.076923076923077,0.7419354838709677,2.7384615384615385,11.890476190476189,5,12,0.21827992238779292,-0.3975922222213307,0.36414422230478183,-1.0199963832113539
2005-01-01,9.833333333333334,1.2903225806451613,1.0999999999999999,7.995238095238094,5,1,0.30593250535900474,-0.23748219772699192,0.35378471542325407,0.6340433667156957
2005-02-01,18.714285714285715,3.3928571428571423,3.6857142857142855,7.436842105263159,5,2,-0.24956762579936465,0.026927978433892108,-0.970610139953846,0.07252346171570734
2005-03-01,23.533333333333335,1.2774193548387098,2.228666666666667,3.488235294117647,5,3,0.38743444040656216,0.8250403779013615,0.7861354571773855,0.141258411398268
2005-04-01,36.30769230769231,1.2111111111111112,3.123076923076923,4.4111111111111105,5,4,0.3052076239254955,0.1759877662137913,-0.06516901752035964,-0.5484716868989123
2005-05-01,46.6875,0.23064516129032256,2.01875,2.3857142857142857,5,5,0.2513000971668875,0.2665756329107464,0.32192450999132727,0.2475616852231144
2005-06-01,25.0,0.22666666666666663,1.3933333333333333,2.760869565217392,5,6,0.3249912765472769,-0.4496202262101252,0.05236946375939677,-0.30176158269389797
2005-07-01,23.9375,0.19193548387096765,1.1662500000000002,3.076190476190477,5,7,-0.15341220888770435,-0.03431543094276268,-0.07528310546297323,-0.11169020481602354
2005-08-01,16.642857142857142,0.2903225806451612,1.2242857142857144,3.3950000000000005,5,8,-0.01865698831106144,0.3999224228742393,-0.1218207061196443,0.051090633759019344
2005-09-01,22.866666666666667,0.37413793103448273,2.143333333333333,5.145000000000001,5,9,-0.15161126506778722,0.5077873061455875,-0.0991778014405989,0.06915995682255471
2005-10-01,8.6875,0.7758620689655176,2.2862500000000003,5.823809523809524,5,10,0.2606741343563477,0.4561576416542594,0.5053105668137662,0.3757549632165196
2005-11-01,11.933333333333334,0.41333333333333316,2.7526666666666673,5.735,5,11,-0.34309078627037026,0.7684938103156477,0.42362302569752797,0.2603138012117283
2006-12-01,11.076923076923077,0.7419354838709677,2.7384615384615385,11.890476190476189,6,12,0.3591978586267408,-0.8526427428297012,0.1149302677396915,0.03329603055575303
2006-01-01,10.071428571428571,3.246774193548387,1.941875,9.58181818181818,6,1,0.08796237999371437,-0.2941762992237614,-0.06692137630665607,0.23188341870418228
2006-02-01,23.076923076923077,4.314285714285714,7.563076923076924,7.436842105263159,6,2,-0.29443784424448705,0.8530728869643065,-0.2598356267919447,0.16278872078999473
2006-03-01,20.071428571428573,2.286666666666666,2.8200000000000003,5.373333333333333,6,3,0.46761477714174804,0.5440480177155231,1.095803001653078,0.04116591145049209
2006-04-01,23.416666666666668,0.7866666666666666,3.7183333333333337,4.52,6,4,-0.023260258889212793,0.5330454178592792,-0.36962058864865877,-0.03975409639681371
2006-05-01,37.888888888888886,0.49516129032258066,1.96,4.266666666666666,6,5,-0.2496316762593409,-0.5246524254842688,0.13831823941421972,-0.009531490022054667
2006-06-01,13.666666666666666,0.37857142857142856,3.038888888888889,4.214285714285714,6,6,0.15046920541407127,0.3898251972291449,-0.03181294557562675,0.24874089454950155
2006-07-01,22.444444444444443,0.2,1.439,4.978571428571429,6,7,-0.7038076746663564,0.1031322828412714,0.6654112913028487,0.09225949298534042
2006-08-01,32.142857142857146,0.49677419354838703,3.0414285714285714,2.9619047619047616,6,8,0.09255993172677002,0.07378425767405239,-0.27221724652713025,0.23248040709260698
2006-09-01,14.933333333333334,0.3,1.6953333333333336,4.395833333333333,6,9,0.5813897922819975,0.8169595307564155,0.6400858130888388,-0.4357609559193456
2006-10-01,10.3125,0.47166666666666673,2.0975,3.7050000000000005,6,10,-0.3459403650311126,-0.1532590626049275,-0.3282477456973605,-0.05108778539813219
2006-11-01,18.571428571428573,0.5310344827586206,2.219285714285714,6.373684210526316,6,11,-0.02475024801750747,0.09411397041000003,0.11288764417615493,-0.34418772612347137
2007-12-01,7.611111111111111,1.4870967741935481,2.3899999999999997,6.910000000000001,7,12,0.7346726333564444,-0.45037782633018286,-0.01431544261585882,0.10437189760328769
2007-01-01,6.875,0.780967741935484,1.2706249999999997,5.919354838709679,7,1,-0.42291139114953014,0.24212041499813253,-0.05824418951505583,-0.38165002319958297
2007-02-01,15.428571428571429,4.910714285714286,1.5,12.896296296296295,7,2,-0.5655488198928991,-1.0422563354599728,-0.7198819986070941,-0.20728428102750773
2007-03-01,21.6,1.5096774193548383,1.89125,5.846666666666668,7,3,0.1337802764453535,0.9673653789884553,-0.38650818875670134,0.7793901213805632
2007-04-01,17.6,1.1133333333333333,1.1793333333333333,3.2333333333333325,7,4,0.20218902058819932,-0.07193749489386769,0.14903252438928016,-0.11377161209817377
2007-05-01,52.55555555555556,0.8159999999999998,1.375,3.3148148148148153,7,5,-0.47508084882759594,-0.03700774936253763,-0.5765699163312918,-0.3553994954315014
2007-06-01,15.7,0.6599999999999999,1.178,4.606666666666667,7,6,0.5928289432676301,0.6603044031988339,0.25037290317257377,0.024035854302054904
2007-07-01,27.952380952380953,0.37483870967741933,1.2447619047619047,4.219354838709678,7,7,-0.5309553479355285,0.40450162039012083,-0.054519343277073945,0.2674279807894131
2007-08-01,15.833333333333334,0.538,5.048333333333333,3.3677419354838714,7,8,0.2916703106844256,0.4165595486110514,0.13868185935647984,0.03966013710355831
2007-09-01,15.833333333333334,0.5106666666666665,1.5758333333333336,4.247058823529411,7,9,-0.23335484622181335,0.471226082419935,1.2454355727629198,-0.1307692077006377
2007-10-01,17.0,0.33217391304347826,1.6046153846153843,4.73529411764706,7,10,-0.045607119752494096,0.2558181491596686,-0.4712854332374119,-0.05207487402831812
2007-11-01,5.0,0.9033333333333332,1.3739999999999999,5.970000000000001,7,11,0.5112781581095573,-0.567402753752647,-0.08393686355246915,0.025137164470607543
2008-12-01,7.611111111111111,1.4870967741935481,2.3899999999999997,6.910000000000001,8,12,-0.7576908497089019,0.1376349503504846,-0.30733786016273,-0.04741506931879913
2008-01-01,18.133333333333333,2.37741935483871,2.5313333333333334,7.905263157894736,8,1,0.006782710231266531,-0.08222621600482083,0.23637722184429766,-0.26260559919877813
2008-02-01,13.533333333333333,1.2655172413793108,1.2633333333333332,6.978947368421053,8,2,0.5578152003646508,0.0888536943064906,0.16695432823288114,0.14045798838397405
2008-03-01,11.6875,0.7322580645161293,1.585,4.133333333333333,8,3,-0.21152539286756689,-1.0204481606616014,-0.6512997651483972,-0.08117655600486984
2008-04-01,41.8,1.15,2.4459999999999997,5.427777777777777,8,4,-0.3892377427136231,-0.45957693368778707,-0.0729004147234536,-0.26281784344869763
2008-05-01,29.625,0.5366666666666666,3.4506250000000005,3.210344827586207,8,5,0.632095137835027,0.16292996385402223,0.40802499350109056,0.39080529714026735
2008-06-01,30.533333333333335,0.34166666666666673,1.5699999999999998,3.504761904761904,8,6,-0.23769041625919307,0.08298932715375107,0.7985282435407433,-0.10399857582134975
2008-07-01,23.6875,0.39999999999999997,1.079375,3.9047619047619033,8,7,0.3425082688410459,-0.21838294213198084,-0.18114808553299944,-0.03539244085276949
2008-08-01,28.0,0.47884615384615387,1.4434615384615381,3.011764705882353,8,8,-0.06953298562549826,0.6175858860531349,-0.31830555523562387,0.075729699723311
2008-09-01,18.733333333333334,0.9448275862068967,2.007333333333334,4.184210526315789,8,9,0.38541667680611713,0.2561562996245432,-0.07773067312993459,-0.19211875888385177
2008-10-01,12.9375,0.9806451612903226,2.18875,4.605263157894737,8,10,-0.05083110028853177,0.8625120700850301,0.44213222335738944,0.01632145821773423
2008-11-01,5.0,0.9033333333333332,1.3739999999999999,5.970000000000001,8,11,0.08673799488906564,0.3637489591455914,0.30818643554559244,0.013924580282663301
2009-12-01,35.625,0.8612903225806451,1.738125,6.10952380952381,9,12,-0.6607266854807048,-0.2931469065118473,-0.431922824473683,0.016910571743613323
2009-01-01,15.3125,2.943666666666667,3.3525000000000005,6.75,9,1,1.5175930623271334,-0.6891758591175453,-0.1580732116228275,-0.3291825340147889
2009-02-01,15.0,4.857142857142857,2.6000000000000005,4.58,9,2,-0.15317752800235507,0.41403302437341316,0.49587297895524873,0.011616583120776847
2009-03-01,21.933333333333334,1.4132258064516128,2.8106666666666666,6.133333333333334,9,3,-0.18075947577138907,0.3400330493625323,0.0025694912330310737,-0.3311694521087165
2009-04-01,33.4,2.083333333333333,2.048666666666666,6.005000000000001,9,4,0.13279653125154622,-0.2628515614114381,0.15945034126904445,0.36264644016976644
2009-05-01,56.125,0.5193103448275861,0.97375,4.899999999999999,9,5,0.04811222715382746,0.4078597204551936,-0.3063391872892417,0.3360956360388747
2009-06-01,27.0,0.22586206896551728,0.626,2.71,9,6,0.34441742433236255,-0.2855507440121593,-0.5458796512053824,0.3395512555402611
2009-07-01,24.615384615384617,0.22096774193548377,0.8507692307692307,3.223809523809524,9,7,-0.11798491287492752,-0.7241326595583617,-0.4354532037058933,-0.389612780790069
2009-08-01,21.4,0.2819354838709677,0.6225,3.6238095238095234,9,8,-0.13836190930521486,-0.03635539955387124,0.1562482398163831,-0.06440620465103963
2009-09-01,11.466666666666667,0.3158620689655171,0.712,3.125,9,9,-0.05786239573744956,-0.20159186816637908,-0.469665140343763,0.08170140689305394
2009-10-01,9.0,0.24884615384615374,0.38,4.7333333333333325,9,10,-0.5717921590747901,-0.23647883663577618,-0.26272351536541727,-0.3248103375736755
2009-11-01,8.071428571428571,0.14933333333333326,1.6164285714285715,4.479999999999999,9,11,-0.22127035734846867,-0.7234616052014458,-0.8567102945946661,0.13726154254989154
2010-12-01,18.1875,1.77741935483871,3.22625,14.076190476190474,10,12,-0.045714390824942,-1.5827765839950598,0.8065510578851289,-0.2570091756445523
2010-01-01,31.5,2.4774193548387093,3.3525000000000005,11.038095238095238,10,1,0.5492833985411658,0.7985095553210771,0.7209500227392649,0.6607811812226179
2010-02-01,41.38461538461539,1.732142857142857,3.8876923076923076,5.2941176470588225,10,2,0.741473917619099,0.038078887747787116,0.18728602852693133,0.27501746065778354
2010-03-01,67.0,1.003225806451613,3.411875,5.052380952380953,10,3,0.6514546232095051,-0.603586049389541,0.27726324993694496,-0.33412802670768427
2010-04-01,111.78571428571429,0.925925925925926,2.572857142857143,4.936842105263158,10,4,0.8924967930647361,-0.13576224272365506,0.1643801045765061,-0.05401338553728108
2010-05-01,122.125,0.36612903225806454,4.291874999999999,3.4428571428571426,10,5,0.8045205439501357,-0.22978715026162955,-0.053972910647483,0.08779470136380518
2010-06-01,71.73333333333333,0.16000000000000003,2.529333333333333,3.5629629629629638,10,6,0.5416145889757624,-0.2000044933075792,1.0518734397070149,-0.0716228073392553
2010-07-01,120.0,0.5066666666666667,2.2159375000000003,5.267741935483872,10,7,0.3802914261277719,-0.714652764360965,0.26330994166211186,0.04835627461466663
2010-08-01,139.46666666666667,0.6112903225806453,6.425333333333334,5.523809523809523,10,8,0.8783779672741998,1.0599744358568186,0.1754033985636525,0.3643786012123913
2010-09-01,85.78571428571429,0.382,0.9389285714285716,6.045,10,9,1.0180531181386328,0.45335278124423845,1.2496557079361652,0.2874732988822304
2010-10-01,35.285714285714285,0.48965517241379314,0.9179999999999999,6.67,10,10,0.5217038384464399,-0.18027594056065877,-1.157040611634145,0.18792264267410363
2010-11-01,21.357142857142858,0.6679999999999999,1.4942857142857144,5.411764705882353,10,11,0.05348037374884962,0.05338714350908791,-0.2388942171263967,0.13794974223182188
2011-12-01,18.1875,1.77741935483871,3.22625,14.076190476190474,11,12,-0.08678844013397224,-0.05326836868188595,0.018762832495543058,-0.283161104388846
2011-01-01,17.0625,2.1000000000000005,3.0118750000000007,10.247619047619049,11,1,-0.4442032827751268,0.19924855759845128,0.45833275405532115,0.29124338986728215
2011-02-01,12.23076923076923,3.935714285714286,2.376153846153847,10.813333333333333,11,2,-0.5986151524075147,-0.1585349600435616,0.09597524268470936,0.0010861884037431935
2011-03-01,45.666666666666664,0.9806451612903226,1.8219999999999998,7.0,11,3,-1.0331847457516412,0.3294441728023376,-0.23076235456335015,0.3072693206519119
2011-04-01,73.06666666666666,0.76,2.512666666666667,6.23,11,4,0.3092534809945602,-0.4463301535978181,-0.24469246993513882,-0.035741738044919424
2011-05-01,91.5625,0.5177419354838712,2.2937499999999997,4.571428571428571,11,5,0.0833260254121484,-0.43674121608256217,0.22310017907658863,0.06749441768689968
2011-06-01,49.1,0.5295454545454545,1.4789999999999999,4.685714285714285,11,6,0.0602914666931369,0.19736732525425482,0.20858472861323452,0.007005245379844149
2011-07-01,72.0,0.7304347826086957,0.9324999999999998,3.2133333333333334,11,7,-0.15630718044676462,0.4197290004199141,-0.0860580758660634,0.02051305804761161
2011-08-01,55.75,0.4035714285714285,2.3112500000000002,5.1421052631578945,11,8,0.23234290021370185,0.8201515631488356,-0.3590314070817507,-0.46012342149246144
2011-09-01,75.0,0.2368333333333333,3.7866666666666666,5.430000000000001,11,9,0.03739703609656253,-0.23811794169506229,0.4260014281374387,0.1692494887549909
2011-10-01,27.333333333333332,0.7386538461538462,6.175,7.838095238095238,11,10,0.5436743482229112,-0.5862976648787777,1.0045446733286125,-0.05061049491706959
2011-11-01,27.76923076923077,0.5727272727272728,1.7792857142857146,7.575,11,11,-0.1559351421301698,0.5480811485587476,1.002962563170463,0.24922408545429908
2012-12-01,18.1875,1.77741935483871,3.22625,14.076190476190474,12,12,0.2800457189490775,-0.399537648104349,-0.800695151990934,-0.026876419364409543
2012-01-01,15.0625,1.6129032258064513,4.099374999999999,10.633333333333335,12,1,-0.44187960743811505,0.15907375617747432,0.15309250428827692,0.11874685757549308
2012-02-01,17.642857142857142,3.9137931034482762,4.477857142857142,8.221052631578948,12,2,-0.652174199798051,-0.4602764594371708,0.3579683632274402,-0.023313768560686565
2012-03-01,44.8125,1.1129032258064515,2.9306666666666663,7.828571428571429,12,3,-0.5180132737140997,0.3169964353072341,0.3120870546090415,-0.13536846252229218
2012-04-01,82.4,0.35666666666666663,2.097333333333333,4.465,12,4,0.17065675973300243,-0.30243154110598397,-0.09002100453630968,0.10881623115703043
2012-05-01,141.0,0.3758064516129031,1.4512500000000002,3.3666666666666667,12,5,0.19009714846057957,-1.221195949683635,-0.3498816620607802,-0.3328035990857545
2012-06-01,79.4,0.21666666666666665,1.776,2.6550000000000002,12,6,0.44188296332058563,0.0719796474008596,-0.12045918486205837,-0.22530204371023133
2012-07-01,56.4375,0.2338709677419353,1.510625,3.5714285714285716,12,7,0.19431013335075242,-0.43113071314898876,0.38115114863929755,-0.4438796411848063
2012-08-01,30.875,0.11833333333333336,1.0934374999999998,4.8050000000000015,12,8,-0.2247393680567491,-0.11573428566666766,0.14435835169469846,-0.020900899210179347
2012-09-01,18.0,0.4034482758620689,1.141333333333333,3.4,12,9,-0.5645860703048151,-1.0040394185990502,-0.48031884423327076,0.14564104980368198
2012-10-01,35.6875,0.49516129032258055,1.3975000000000002,4.3238095238095235,12,10,-0.8137901137130581,0.5237353176815112,-0.2566274083752986,-0.41314933795005704
2012-11-01,9.066666666666666,0.46666666666666673,1.127,5.48,12,11,0.5471002378630554,0.0002055288077670303,-0.0010212465144708305,-0.15708263072660222
2013-12-01,18.1875,1.77741935483871,3.22625,14.076190476190474,13,12,-0.8400361864448085,-0.3269078496823024,-0.25395779357591425,-0.07433210969234616
2013-01-01,25.5,3.05483870967742,3.21125,10.861904761904762,13,1,0.00730510437673626,0.3039644312146429,0.601577667005748,0.37905632239906195
2013-02-01,23.615384615384617,3.025,3.176923076923077,9.333333333333334,13,2,0.08821854516137329,0.33497407285933245,0.12737629050758037,0.15577934751940825
2013-03-01,39.875,3.2967741935483867,1.2893750000000002,8.430000000000001,13,3,-0.19841890555315,-0.11611343670471874,0.009812069361127662,0.15900182809914076
2013-04-01,47.0,0.8649999999999999,1.3716666666666666,6.278947368421053,13,4,0.030101950863345994,0.9746665421772738,-0.7233709432595111,0.2261609782644003
2013-05-01,98.125,0.6290322580645163,2.195,4.194117647058824,13,5,-0.30674031286952097,-0.48812079407624975,-0.2059227583197824,0.12537827861747797
2013-06-01,92.0,0.33666666666666667,1.3393333333333333,5.3599999999999985,13,6,0.254931308055971,0.2897242769030283,0.6678204524834213,-0.022402672957708925
2013-07-01,46.8125,0.2854838709677418,1.3225,5.8571428571428585,13,7,0.5189131058516745,-0.1258275484164324,-0.10360846861721068,0.27882460048375846
2013-08-01,33.6875,0.31129032258064504,1.6400000000000003,4.942857142857142,13,8,-0.32737748095247676,-0.08596341920575101,0.043314068326624156,0.19704807357516496
2013-09-01,44.07142857142857,0.28333333333333327,0.6546428571428572,6.32,13,9,-0.28366842391564395,-0.019775525787035342,0.1772834585257958,-0.07498841487308261
2013-10-01,13.8125,0.46935483870967737,1.6412499999999999,9.604761904761906,13,10,0.22313087675749932,-0.2881587188231163,-0.7442270903421813,0.15062615094616816
2013-11-01,20.666666666666668,0.47833333333333333,2.066333333333333,7.485000000000001,13,11,-0.6493044388990206,-0.013271116708052255,0.5850443657936414,0.38133713499920696
2014-12-01,18.1875,1.77741935483871,3.22625,14.076190476190474,14,12,0.3433190270186599,-0.30683149064384074,0.27449071913685047,-0.1701405454350371
2014-01-01,14.0,0.8434782608695651,2.0453125,9.093333333333334,14,1,-0.16991564814860105,0.19409751390436147,0.21174904141936002,0.023280946679560266
2014-02-01,12.846153846153847,1.732142857142857,2.816923076923077,9.88823529411765,14,2,-0.5219385169994459,-1.055161800630902,-0.3473163142007025,-0.25087723610762636
2014-03-01,19.8125,1.5387096774193547,3.5025,7.523529411764706,14,3,-0.6119636432103488,-0.26366729863680316,0.18341720792043814,0.0701125938502658
2014-04-01,70.53333333333333,1.1066666666666662,2.454,5.275,14,4,-0.44800137470613244,0.27343705431913296,0.5210955255552401,-0.06398702645049958
2014-05-01,89.875,0.7,2.03875,2.528571428571428,14,5,0.4213759199661493,0.10382167712428882,-0.11426223522693102,-0.17364322860140802
2014-06-01,63.857142857142854,0.31,2.3713333333333337,5.214999999999999,14,6,0.1502044388001389,0.3132014283634563,0.04969110887023931,-0.5716272455834295
2014-07-01,49.25,0.7216666666666666,1.7175000000000002,1.823809523809524,14,7,0.2129596174447803,-0.1999758640683531,0.5147455383584764,0.2828277576518208
2014-08-01,53.875,0.23548387096774187,1.548125,0.7071428571428572,14,8,-0.0555458145442449,0.9048707302710686,0.053305454552874165,-0.9964145480939819
2014-09-01,45.6,0.6416666666666668,2.2239999999999998,2.0599999999999996,14,9,0.29792357113588164,-0.596628841269285,-0.20872740614069174,-1.5926364456930169
2014-10-01,21.5,0.5064516129032258,1.6506250000000007,3.338095238095238,14,10,0.18088411314902864,0.6536122554378405,0.5428799813673987,-0.2513782257929359
2014-11-01,10.733333333333333,0.8566666666666667,1.6093333333333333,10.085,14,11,-0.1142161041095835,-0.22275977631029253,-0.13448729375206003,-0.07505912373767543
2015-12-01,18.1875,1.77741935483871,3.22625,14.076190476190474,15,12,-0.4439700684329808,0.25831523766012665,-0.21038473817832065,0.8663194626625201
2015-01-01,13.875,0.635483870967742,0.9981249999999999,4.540476190476191,15,1,0.036377360523041524,-0.06844694373536453,0.37180655982753996,0.3620137039326181
2015-02-01,19.153846153846153,0.6714285714285715,0.5646153846153846,6.150000000000001,15,2,-0.43507553467585947,-1.2521212961956572,-0.9799387440966293,-0.5721338854524167
2015-03-01,29.125,0.774193548387097,1.2337500000000001,5.838095238095238,15,3,-0.11042095259943929,-1.1277245243416643,-1.108586346738714,0.10452524716154632
2015-04-01,88.86666666666666,0.14166666666666655,0.38499999999999995,4.209999999999999,15,4,-0.10171878462886763,-0.15493698548105578,0.17485359634552017,0.1741765462241629
2015-05-01,121.625,0.05967741935483874,0.23705882352941174,3.6476190476190475,15,5,0.4988784131934647,-1.7258185865251023,-1.2419832487028426,0.024971607261770945
2015-06-01,78.86666666666666,0.08933333333333333,0.022000000000000002,4.08,15,6,0.34159506737267975,-1.4461621131668174,-0.9220227710159042,0.2416692724365328
2015-07-01,39.6875,0.09193548387096769,0.13125,2.58,15,7,0.2708626611241609,-0.45763607487070024,-2.9204728050440645,0.15039839754962148
2015-08-01,29.0,0.10483870967741936,0.11874999999999997,3.3333333333333335,15,8,-0.39004653809869927,-0.6567353817759654,0.16274224496048273,-0.20241031295668488
2015-09-01,54.2,0.3716666666666667,0.4663333333333333,3.285,15,9,-0.3572082247463073,-0.3882575445185825,-0.730586623773176,0.2713541429266446
2015-10-01,29.0625,0.432258064516129,0.754375,4.5095238095238095,15,10,0.47284185165781745,0.58511401865766,0.5193046799719884,-0.13868568851620067
2015-11-01,35.5,0.41666666666666674,0.5382142857142858,6.800000000000002,15,11,0.1515840321036368,0.13311393615129596,0.4516502641432534,0.06361106985207221
2016-12-01,18.1875,1.77741935483871,3.22625,6.68095238095238,16,12,0.0,0.0,0.0,0.0
2016-01-01,18.875,1.3645161290322578,0.8006249999999999,9.00952380952381,16,1,0.0,0.0,0.0,0.0
2016-02-01,19.153846153846153,0.8310344827586205,0.5646153846153846,3.4444444444444446,16,2,0.0,0.0,0.0,0.0
2016-03-01,45.285714285714285,0.8096774193548388,1.355,7.047619047619047,16,3,0.0,0.0,0.0,0.0
2016-04-01,40.93333333333333,0.6566666666666666,0.8056666666666668,4.052631578947368,16,4,0.0,0.0,0.0,0.0
2016-05-01,78.82352941176471,0.6006451612903225,1.141764705882353,4.274999999999999,16,5,0.0,0.0,0.0,0.0
2016-06-01,49.470588235294116,0.6066666666666669,0.9158823529411766,3.96,16,6,0.0,0.0,0.0,0.0
2016-07-01,64.6923076923077,0.27037037037037037,1.2446153846153847,2.583333333333334,16,7,0.0,0.0,0.0,0.0
2016-08-01,40.75,0.23548387096774193,0.815,3.0095238095238095,16,8,0.0,0.0,0.0,0.0
2016-09-01,26.8,0.23666666666666678,0.718,4.944999999999999,16,9,0.0,0.0,0.0,0.0
2016-10-01,13.933333333333334,1.0129032258064516,1.4566666666666663,5.214285714285714,16,10,0.0,0.0,0.0,0.0
2016-11-01,19.0,0.6379310344827588,1.547857142857143,5.344999999999999,16,11,0.0,0.0,0.0,0.0
2017-12-01,18.1875,1.77741935483871,3.22625,6.68095238095238,17,12,0.0,0.0,0.0,0.0
2017-01-01,13.25,0.9129032258064514,1.0437499999999997,8.166666666666666,17,1,0.0,0.0,0.0,0.0
2017-02-01,22.46153846153846,0.432142857142857,0.5884615384615384,8.894444444444442,17,2,0.0,0.0,0.0,0.0
2017-03-01,30.5,0.3903225806451612,0.613125,5.285714285714285,17,3,0.0,0.0,0.0,0.0
2017-04-01,53.2,0.4966666666666667,0.9640000000000001,6.1450000000000005,17,4,0.0,0.0,0.0,0.0
2017-05-01,87.39,0.5155172413793102,0.6658823529411766,4.8238095238095235,17,5,0.0,0.0,0.0,0.0
2017-06-01,74.07142857142857,0.3749999999999999,0.4014285714285715,4.15,17,6,0.0,0.0,0.0,0.0
2017-07-01,64.3125,0.21666666666666673,0.6437499999999999,2.861904761904762,17,7,0.0,0.0,0.0,0.0
2017-08-01,35.0,0.3142857142857142,0.7756249999999999,3.142857142857143,17,8,0.0,0.0,0.0,0.0
2017-09-01,39.4,0.5233333333333333,1.098,2.8350000000000004,17,9,0.0,0.0,0.0,0.0
2017-10-01,13.933333333333334,1.0129032258064516,1.4566666666666663,5.214285714285714,17,10,0.0,0.0,0.0,0.0
2017-11-01,19.0,0.6379310344827588,1.547857142857143,5.344999999999999,17,11,0.0,0.0,0.0,0.0
