TSP,SO2,SO4,NO2,date,YY,MM
0.0,0.0,0.0,0.0,1983-12-01,83,12
0.0,0.0,0.0,0.0,1983-01-01,83,1
0.0,0.0,0.0,0.0,1983-02-01,83,2
0.0,0.0,0.0,0.0,1983-03-01,83,3
0.0,0.0,0.0,0.0,1983-04-01,83,4
0.0,0.0,0.0,0.0,1983-05-01,83,5
0.0,0.0,0.0,0.0,1983-06-01,83,6
0.0,0.0,0.0,0.0,1983-07-01,83,7
0.0,0.0,0.0,0.0,1983-08-01,83,8
0.0,0.0,0.0,0.0,1983-09-01,83,9
0.0,0.0,0.0,0.0,1983-10-01,83,10
0.0,0.0,0.0,0.0,1983-11-01,83,11
0.0,0.0,0.0,0.0,1984-12-01,84,12
0.0,0.0,0.0,0.0,1984-01-01,84,1
0.0,0.0,0.0,0.0,1984-02-01,84,2
0.0,0.0,0.0,0.0,1984-03-01,84,3
0.0,0.0,0.0,0.0,1984-04-01,84,4
0.0,0.0,0.0,0.0,1984-05-01,84,5
0.0,0.0,0.0,0.0,1984-06-01,84,6
0.0,0.0,0.0,0.0,1984-07-01,84,7
0.0,0.0,0.0,0.0,1984-08-01,84,8
0.0,0.0,0.0,0.0,1984-09-01,84,9
0.0,0.0,0.0,0.0,1984-10-01,84,10
0.0,0.0,0.0,0.0,1984-11-01,84,11
27.0,0.0,0.0,0.0,1985-12-01,85,12
50.3,0.0,6.260000000000001,0.0,1985-01-01,85,1
22.8625,0.0,6.055555555555555,0.0,1985-02-01,85,2
62.1875,0.0,9.45,0.0,1985-03-01,85,3
66.1,0.0,1.98,0.0,1985-04-01,85,4
87.0,0.0,1.92,0.0,1985-05-01,85,5
76.9090909090909,0.0,1.8454545454545455,0.0,1985-06-01,85,6
63.81818181818182,0.0,1.190909090909091,0.0,1985-07-01,85,7
46.53333333333333,0.0,2.08,0.0,1985-08-01,85,8
37.833333333333336,0.0,0.9500000000000001,0.0,1985-09-01,85,9
34.25,0.0,0.0,0.0,1985-10-01,85,10
25.333333333333332,0.0,0.0,0.0,1985-11-01,85,11
29.066666666666666,7.9870967741935495,2.8534482758620694,0.0,1986-12-01,86,12
33.90909090909091,0.0,6.760000000000001,0.0,1986-01-01,86,1
28.0,0.0,6.586666666666667,0.0,1986-02-01,86,2
47.6,0.0,5.753333333333332,0.0,1986-03-01,86,3
72.66666666666667,0.0,5.391666666666667,0.0,1986-04-01,86,4
88.64285714285714,0.0,3.173333333333334,0.0,1986-05-01,86,5
55.15384615384615,3.290625,4.7185185185185174,0.0,1986-06-01,86,6
70.14814814814815,0.9866666666666667,1.4989285714285714,0.0,1986-07-01,86,7
51.96774193548387,0.6530333333333332,1.8709677419354842,0.0,1986-08-01,86,8
56.77777777777778,0.93,1.181034482758621,0.0,1986-09-01,86,9
35.38260869565217,1.9693548387096778,1.1455172413793109,0.0,1986-10-01,86,10
24.884615384615383,4.446666666666667,2.1466666666666665,0.0,1986-11-01,86,11
28.203703703703702,6.14,6.346428571428571,0.0,1987-12-01,87,12
44.07142857142857,27.925000000000004,7.799999999999998,0.0,1987-01-01,87,1
47.92857142857143,5.885357142857141,6.4325,0.0,1987-02-01,87,2
45.774193548387096,1.8554838709677413,6.33225806451613,0.0,1987-03-01,87,3
40.56666666666667,2.4755555555555553,3.8633333333333337,0.0,1987-04-01,87,4
76.65217391304348,0.8244999999999999,3.3347826086956522,0.0,1987-05-01,87,5
56.36666666666667,3.290625,4.670000000000001,0.0,1987-06-01,87,6
58.41935483870968,0.9866666666666667,2.3709677419354835,0.0,1987-07-01,87,7
41.523809523809526,0.6530333333333332,4.431818181818183,0.0,1987-08-01,87,8
50.9,0.04214285714285715,3.17,0.0,1987-09-01,87,9
42.107142857142854,1.1780000000000002,3.3032258064516125,0.0,1987-10-01,87,10
31.142857142857142,6.901481481481481,6.666666666666667,0.0,1987-11-01,87,11
30.612903225806452,14.099999999999998,4.929032258064517,0.0,1988-12-01,88,12
56.55172413793103,7.066428571428571,11.39655172413793,0.0,1988-01-01,88,1
67.25,11.416551724137928,12.03793103448276,0.0,1988-02-01,88,2
52.064516129032256,5.394193548387095,9.238709677419358,0.0,1988-03-01,88,3
45.86666666666667,1.8483333333333332,4.470000000000001,0.0,1988-04-01,88,4
72.3,1.130344827586207,3.588,0.0,1988-05-01,88,5
79.33333333333333,1.0744827586206898,5.34074074074074,0.0,1988-06-01,88,6
53.41379310344828,0.44642857142857134,4.816666666666667,0.0,1988-07-01,88,7
47.16129032258065,0.3235483870967742,5.507692307692308,0.0,1988-08-01,88,8
34.46666666666667,1.6130000000000002,5.033333333333332,0.0,1988-09-01,88,9
27.761904761904763,0.8666666666666667,4.66923076923077,0.0,1988-10-01,88,10
43.13333333333333,8.861481481481482,4.596,0.0,1988-11-01,88,11
22.387096774193548,5.175483870967741,2.9769230769230766,0.0,1989-12-01,89,12
19.35483870967742,6.671612903225808,3.5225806451612898,0.0,1989-01-01,89,1
37.392857142857146,4.320000000000001,5.321739130434783,0.0,1989-02-01,89,2
44.93103448275862,3.8858064516129036,6.900000000000001,0.0,1989-03-01,89,3
71.43333333333334,5.345333333333333,7.428,0.0,1989-04-01,89,4
93.88461538461539,0.9716129032258065,7.119230769230768,0.0,1989-05-01,89,5
61.827586206896555,0.9543333333333333,5.936,0.0,1989-06-01,89,6
51.064516129032256,0.40435483870967753,3.061538461538461,0.0,1989-07-01,89,7
36.25806451612903,0.3470967741935484,4.415384615384616,0.0,1989-08-01,89,8
35.407407407407405,0.6823333333333335,4.1130434782608685,0.0,1989-09-01,89,9
18.608695652173914,0.71,4.030769230769231,0.0,1989-10-01,89,10
46.285714285714285,2.7129999999999996,5.564,0.0,1989-11-01,89,11
24.095238095238095,3.734193548387097,4.507692307692308,0.0,1990-12-01,90,12
23.25,4.2470967741935475,4.192307692307692,0.0,1990-01-01,90,1
29.035714285714285,3.7423809523809526,5.360869565217391,0.0,1990-02-01,90,2
21.29032258064516,3.8858064516129036,3.4807692307692317,0.0,1990-03-01,90,3
45.766666666666666,1.1730769230769231,6.120833333333334,0.0,1990-04-01,90,4
57.935483870967744,0.8700000000000001,1.7423076923076926,0.0,1990-05-01,90,5
25.966666666666665,0.6643333333333332,1.432,0.0,1990-06-01,90,6
42.793103448275865,0.7307407407407406,2.226923076923077,0.0,1990-07-01,90,7
23.612903225806452,0.573,2.2307692307692304,0.0,1990-08-01,90,8
18.529411764705884,0.8853333333333333,2.627999999999999,0.0,1990-09-01,90,9
33.32142857142857,1.869354838709677,4.25,0.0,1990-10-01,90,10
17.6,2.431666666666666,2.6919999999999997,0.0,1990-11-01,90,11
16.93548387096774,3.475806451612903,4.11923076923077,0.0,1991-12-01,91,12
16.419354838709676,3.6109677419354838,4.73076923076923,0.0,1991-01-01,91,1
41.17857142857143,11.73076923076923,13.38695652173913,0.0,1991-02-01,91,2
35.310344827586206,1.5503333333333333,10.565384615384614,0.0,1991-03-01,91,3
45.766666666666666,1.1730769230769231,6.120833333333334,0.0,1991-04-01,91,4
62.63333333333333,0.6770967741935485,3.826923076923076,0.0,1991-05-01,91,5
46.07142857142857,0.6821428571428573,3.534782608695652,0.0,1991-06-01,91,6
32.37931034482759,0.45774193548387093,2.603846153846154,0.0,1991-07-01,91,7
39.67741935483871,0.309375,2.623076923076923,0.0,1991-08-01,91,8
29.466666666666665,0.7527586206896553,2.748,0.0,1991-09-01,91,9
37.92,1.607741935483871,3.3576923076923078,0.0,1991-10-01,91,10
21.1,2.861666666666667,5.9319999999999995,0.0,1991-11-01,91,11
16.93548387096774,1.8683333333333334,5.11153846153846,0.0,1992-12-01,92,12
20.666666666666668,5.548387096774194,4.0838709677419365,0.0,1992-01-01,92,1
21.714285714285715,5.402068965517242,7.817241379310343,0.0,1992-02-01,92,2
44.45161290322581,4.330000000000001,8.0,0.0,1992-03-01,92,3
30.714285714285715,0.9391666666666668,6.963333333333335,0.0,1992-04-01,92,4
51.483870967741936,0.7967741935483872,3.6870967741935496,0.0,1992-05-01,92,5
47.1,0.20033333333333334,2.5233333333333334,0.0,1992-06-01,92,6
47.16129032258065,0.11854838709677419,2.9161290322580653,0.0,1992-07-01,92,7
49.206896551724135,0.2330645161290323,5.067741935483871,0.0,1992-08-01,92,8
52.833333333333336,0.408,2.986666666666667,0.0,1992-09-01,92,9
26.65,0.8106451612903227,3.320689655172413,0.0,1992-10-01,92,10
17.4375,1.5036666666666667,3.6719999999999997,0.0,1992-11-01,92,11
29.322580645161292,3.659677419354839,4.448387096774193,0.0,1993-12-01,93,12
15.7,1.7462903225806454,4.208333333333334,0.0,1993-01-01,93,1
22.05,4.615185185185185,1.7173913043478262,0.0,1993-02-01,93,2
36.83870967741935,3.9489999999999994,4.661290322580645,0.0,1993-03-01,93,3
44.46666666666667,1.863,2.499999999999999,0.0,1993-04-01,93,4
60.38709677419355,1.1929032258064516,1.5419354838709678,0.0,1993-05-01,93,5
31.366666666666667,0.4516666666666667,1.5866666666666667,0.0,1993-06-01,93,6
40.46666666666667,0.6419354838709678,2.5645161290322585,0.0,1993-07-01,93,7
28.333333333333332,0.27177419354838706,1.5645161290322585,0.0,1993-08-01,93,8
26.666666666666668,0.4838333333333334,2.044827586206897,0.0,1993-09-01,93,9
26.392857142857142,0.6613793103448274,3.1225806451612903,0.0,1993-10-01,93,10
23.93103448275862,4.0458620689655165,6.746666666666667,0.0,1993-11-01,93,11
25.55,2.88741935483871,4.134782608695652,0.0,1994-12-01,94,12
24.866666666666667,2.2246666666666663,3.903225806451613,0.0,1994-01-01,94,1
34.357142857142854,3.831785714285714,4.414285714285715,0.0,1994-02-01,94,2
33.55172413793103,2.43516129032258,3.3275862068965503,0.0,1994-03-01,94,3
60.36666666666667,1.1566666666666667,3.5466666666666664,0.0,1994-04-01,94,4
47.45161290322581,0.20999999999999996,1.6548387096774193,0.0,1994-05-01,94,5
33.84,0.4516666666666667,1.3299999999999996,0.0,1994-06-01,94,6
28.741935483870968,0.1906451612903226,1.1290322580645165,0.0,1994-07-01,94,7
31.066666666666666,0.1806451612903226,1.5161290322580645,0.0,1994-08-01,94,8
41.36666666666667,0.32249999999999995,1.9700000000000002,0.0,1994-09-01,94,9
34.13636363636363,0.49000000000000005,1.4032258064516128,0.0,1994-10-01,94,10
27.47826086956522,0.9183333333333334,1.460869565217391,0.0,1994-11-01,94,11
10.0,1.0076666666666667,2.6900000000000004,0.0,1995-12-01,95,12
34.03448275862069,3.1990322580645163,5.062068965517242,0.0,1995-01-01,95,1
28.857142857142858,1.2042857142857142,1.671428571428572,0.0,1995-02-01,95,2
26.516129032258064,0.9409677419354839,2.6322580645161286,0.0,1995-03-01,95,3
57.666666666666664,0.8973333333333335,3.9933333333333327,0.0,1995-04-01,95,4
61.903225806451616,0.5099999999999999,3.080645161290323,0.0,1995-05-01,95,5
42.357142857142854,0.5742857142857142,2.971428571428571,0.0,1995-06-01,95,6
36.483870967741936,0.3822580645161291,1.8967741935483868,0.0,1995-07-01,95,7
34.05555555555556,0.41362068965517235,2.1777777777777785,0.0,1995-08-01,95,8
28.31578947368421,0.68,2.7550000000000003,0.0,1995-09-01,95,9
12.76923076923077,0.4227419354838711,1.7150000000000003,0.0,1995-10-01,95,10
12.833333333333334,0.5750000000000001,1.416,0.0,1995-11-01,95,11
13.058823529411764,1.88741935483871,2.5655172413793106,0.0,1996-12-01,96,12
18.5,5.070322580645161,3.3150000000000004,0.0,1996-01-01,96,1
13.894736842105264,4.258620689655173,3.373684210526315,0.0,1996-02-01,96,2
19.483870967741936,2.8477419354838713,4.195161290322582,0.0,1996-03-01,96,3
43.63333333333333,1.3916666666666668,3.9733333333333323,0.0,1996-04-01,96,4
56.17391304347826,0.5960869565217392,3.465217391304348,0.0,1996-05-01,96,5
41.642857142857146,0.28589285714285717,2.6142857142857143,0.0,1996-06-01,96,6
36.2,0.10177419354838707,2.0533333333333332,0.0,1996-07-01,96,7
29.653846153846153,0.30629032258064515,2.883870967741935,0.0,1996-08-01,96,8
31.85185185185185,0.20624999999999996,2.4232142857142853,0.0,1996-09-01,96,9
17.555555555555557,0.47124999999999995,2.599999999999999,0.0,1996-10-01,96,10
17.310344827586206,0.3549999999999999,3.7344827586206892,0.0,1996-11-01,96,11
6.9523809523809526,2.8635483870967735,2.3714285714285714,6.328571428571427,1997-12-01,97,12
8.666666666666666,1.6570967741935483,1.748387096774194,0.0,1997-01-01,97,1
11.428571428571429,1.6212499999999999,2.2428571428571424,0.0,1997-02-01,97,2
14.785714285714286,0.5996774193548389,1.7274193548387096,0.0,1997-03-01,97,3
22.166666666666668,0.7263333333333334,2.1750000000000003,0.0,1997-04-01,97,4
53.8125,0.29032258064516125,1.8625,0.0,1997-05-01,97,5
38.8235294117647,0.15796296296296297,1.7421052631578948,0.0,1997-06-01,97,6
33.8421052631579,0.1546774193548387,1.0749999999999997,0.0,1997-07-01,97,7
30.105263157894736,0.28933333333333333,1.7999999999999996,2.659047619047619,1997-08-01,97,8
29.57894736842105,0.364,2.3999999999999995,3.1888888888888887,1997-09-01,97,9
13.11111111111111,0.533888888888889,2.3425000000000002,4.095000000000001,1997-10-01,97,10
13.85,1.3272222222222223,4.005,3.8699999999999997,1997-11-01,97,11
9.928571428571429,2.0166666666666666,3.1399999999999997,4.689473684210526,1998-12-01,98,12
13.476190476190476,2.3061290322580645,3.9142857142857124,8.08,1998-01-01,98,1
14.384615384615385,2.4733333333333327,3.5230769230769234,3.8470588235294123,1998-02-01,98,2
9.466666666666667,1.2351612903225806,3.53125,4.704761904761905,1998-03-01,98,3
29.666666666666668,0.7824137931034482,4.153333333333333,3.0649999999999995,1998-04-01,98,4
56.6875,0.19935483870967738,2.79375,2.2047619047619045,1998-05-01,98,5
38.8235294117647,0.17047619047619048,4.46,1.4928571428571427,1998-06-01,98,6
24.0,0.025416666666666667,1.0749999999999997,1.7374999999999998,1998-07-01,98,7
22.076923076923077,0.018064516129032256,1.4461538461538466,1.5619047619047617,1998-08-01,98,8
38.53846153846154,0.10766666666666666,1.7066666666666668,2.4157894736842103,1998-09-01,98,9
5.833333333333333,0.23354838709677414,1.6105263157894734,3.082608695652174,1998-10-01,98,10
2.8333333333333335,1.7590000000000001,2.7333333333333334,6.821739130434783,1998-11-01,98,11
11.0,1.1258064516129034,2.9375,2.1049999999999995,1999-12-01,99,12
11.866666666666667,2.3061290322580645,3.075,8.08,1999-01-01,99,1
16.5,4.919230769230769,3.284615384615385,3.938888888888888,1999-02-01,99,2
19.75,1.4741935483870965,3.006249999999999,4.166666666666666,1999-03-01,99,3
44.53333333333333,0.645,2.283333333333333,2.7499999999999996,1999-04-01,99,4
35.3125,0.482258064516129,1.7937499999999997,1.4619047619047618,1999-05-01,99,5
32.857142857142854,0.5775862068965519,2.073333333333333,1.405,1999-06-01,99,6
33.8,0.12741935483870964,5.1066666666666665,2.085,1999-07-01,99,7
24.666666666666668,0.09838709677419352,1.6133333333333337,2.705263157894737,1999-08-01,99,8
24.25,0.16071428571428575,1.7208333333333334,2.9222222222222225,1999-09-01,99,9
14.357142857142858,0.4741935483870967,1.7156250000000002,2.695238095238095,1999-10-01,99,10
4.916666666666667,2.566666666666667,1.7666666666666666,4.735,1999-11-01,99,11
11.64516129032258,0.26612903225806456,1.929032258064516,7.3100000000000005,2000-12-01,0,12
18.8,1.5806451612903225,3.813333333333334,2.447619047619047,2000-01-01,0,1
18.785714285714285,0.398076923076923,2.0285714285714285,1.9235294117647062,2000-02-01,0,2
14.0,0.3532258064516129,2.1875,1.2999999999999998,2000-03-01,0,3
45.733333333333334,0.9683333333333335,3.4733333333333336,1.9052631578947365,2000-04-01,0,4
34.4,0.24516129032258052,1.575,1.9809523809523806,2000-05-01,0,5
29.933333333333334,0.515,0.9533333333333335,2.1700000000000004,2000-06-01,0,6
29.6875,0.13548387096774192,1.4249999999999998,1.3857142857142857,2000-07-01,0,7
15.46875,0.42580645161290337,1.21875,3.0095238095238095,2000-08-01,0,8
18.066666666666666,0.13666666666666663,1.0333333333333332,3.8049999999999997,2000-09-01,0,9
17.8125,0.1833333333333332,2.5625,4.07,2000-10-01,0,10
14.466666666666667,0.26,3.0249999999999995,5.86,2000-11-01,0,11
11.64516129032258,0.26612903225806456,1.929032258064516,7.3100000000000005,2001-12-01,1,12
13.868421052631579,0.3548387096774193,2.947368421052632,6.310000000000002,2001-01-01,1,1
26.31578947368421,0.9053571428571429,2.636842105263158,4.742105263157894,2001-02-01,1,2
19.11111111111111,0.37741935483870975,2.233333333333333,4.514999999999999,2001-03-01,1,3
49.3,0.23999999999999994,4.995,3.5149999999999997,2001-04-01,1,4
28.7,0.24499999999999986,1.3526315789473684,2.345,2001-05-01,1,5
26.85,0.3399999999999999,1.7200000000000002,2.505,2001-06-01,1,6
38.5,0.1483870967741935,1.4533333333333334,2.112,2001-07-01,1,7
14.2,0.06612903225806452,1.4133333333333333,3.590909090909091,2001-08-01,1,8
5.5,0.07,1.4000000000000001,3.9157894736842103,2001-09-01,1,9
17.8125,0.31451612903225806,2.5625,4.423809523809523,2001-10-01,1,10
14.466666666666667,0.26,3.0249999999999995,5.86,2001-11-01,1,11
8.8125,2.2193548387096778,4.99375,11.890476190476189,2002-12-01,2,12
22.5625,0.6535714285714287,2.9937499999999995,6.621052631578948,2002-01-01,2,1
23.76923076923077,0.3749999999999998,2.0615384615384618,4.664705882352941,2002-02-01,2,2
25.4375,0.40967741935483865,2.19375,6.073684210526315,2002-03-01,2,3
43.13333333333333,1.1666666666666665,3.019999999999999,5.159999999999999,2002-04-01,2,4
27.9375,0.16290322580645167,1.553125,4.121052631578947,2002-05-01,2,5
33.0,0.13399999999999995,0.9999999999999998,3.570000000000001,2002-06-01,2,6
34.785714285714285,0.11935483870967743,1.714285714285714,4.109523809523809,2002-07-01,2,7
33.0625,0.24354838709677412,3.44375,5.45909090909091,2002-08-01,2,8
48.333333333333336,0.1449999999999999,7.673333333333333,5.465,2002-09-01,2,9
14.875,0.15322580645161285,1.4374999999999996,4.575,2002-10-01,2,10
7.066666666666666,0.44000000000000006,1.5733333333333333,6.025000000000001,2002-11-01,2,11
8.8125,2.2193548387096778,4.99375,11.890476190476189,2003-12-01,3,12
20.9375,1.5193548387096778,3.5812500000000003,5.013636363636363,2003-01-01,3,1
9.785714285714286,2.392857142857143,3.614285714285714,10.616666666666667,2003-02-01,3,2
30.875,1.5225806451612904,3.7125,6.782608695652174,2003-03-01,3,3
33.13333333333333,1.2233333333333336,4.680000000000001,4.383333333333334,2003-04-01,3,4
44.875,1.1258064516129034,2.3125,4.533333333333333,2003-05-01,3,5
30.6,0.20499999999999993,0.817857142857143,5.180000000000001,2003-06-01,3,6
30.9375,0.182258064516129,2.7875000000000005,3.525000000000001,2003-07-01,3,7
34.25,0.10645161290322583,1.2187500000000002,4.1952380952380945,2003-08-01,3,8
18.428571428571427,0.35666666666666663,2.0214285714285714,5.552631578947368,2003-09-01,3,9
14.875,0.15322580645161285,1.4374999999999996,4.575,2003-10-01,3,10
7.066666666666666,0.44000000000000006,1.5733333333333333,6.025000000000001,2003-11-01,3,11
11.076923076923077,0.7419354838709677,2.7384615384615385,11.890476190476189,2004-12-01,4,12
12.4375,2.1290322580645165,3.2187500000000004,7.995238095238094,2004-01-01,4,1
21.0,3.337931034482759,3.2499999999999996,11.9,2004-02-01,4,2
26.066666666666666,0.874193548387097,1.4733333333333336,9.556521739130437,2004-03-01,4,3
17.285714285714285,1.4900000000000004,1.3142857142857145,4.4350000000000005,2004-04-01,4,4
26.9375,0.18387096774193537,1.8875000000000002,4.0137931034482754,2004-05-01,4,5
32.61538461538461,0.21730769230769229,0.9000000000000001,6.099999999999999,2004-06-01,4,6
17.53846153846154,0.144,1.5769230769230769,3.953333333333333,2004-07-01,4,7
14.375,0.33999999999999997,1.5875000000000001,3.0142857142857142,2004-08-01,4,8
17.0,0.22999999999999995,1.6615384615384612,2.3549999999999995,2004-09-01,4,9
4.3076923076923075,0.23548387096774182,0.676923076923077,3.558333333333333,2004-10-01,4,10
8.071428571428571,0.42666666666666664,1.757142857142857,2.285,2004-11-01,4,11
11.076923076923077,0.7419354838709677,2.7384615384615385,11.890476190476189,2005-12-01,5,12
9.833333333333334,1.2903225806451613,1.0999999999999999,7.995238095238094,2005-01-01,5,1
18.714285714285715,3.3928571428571423,3.6857142857142855,7.436842105263159,2005-02-01,5,2
23.533333333333335,1.2774193548387098,2.228666666666667,3.488235294117647,2005-03-01,5,3
36.30769230769231,1.2111111111111112,3.123076923076923,4.4111111111111105,2005-04-01,5,4
46.6875,0.23064516129032256,2.01875,2.3857142857142857,2005-05-01,5,5
25.0,0.22666666666666663,1.3933333333333333,2.760869565217392,2005-06-01,5,6
23.9375,0.19193548387096765,1.1662500000000002,3.076190476190477,2005-07-01,5,7
16.642857142857142,0.2903225806451612,1.2242857142857144,3.3950000000000005,2005-08-01,5,8
22.866666666666667,0.37413793103448273,2.143333333333333,5.145000000000001,2005-09-01,5,9
8.6875,0.7758620689655176,2.2862500000000003,5.823809523809524,2005-10-01,5,10
11.933333333333334,0.41333333333333316,2.7526666666666673,5.735,2005-11-01,5,11
11.076923076923077,0.7419354838709677,2.7384615384615385,11.890476190476189,2006-12-01,6,12
10.071428571428571,3.246774193548387,1.941875,9.58181818181818,2006-01-01,6,1
23.076923076923077,4.314285714285714,7.563076923076924,7.436842105263159,2006-02-01,6,2
20.071428571428573,2.286666666666666,2.8200000000000003,5.373333333333333,2006-03-01,6,3
23.416666666666668,0.7866666666666666,3.7183333333333337,4.52,2006-04-01,6,4
37.888888888888886,0.49516129032258066,1.96,4.266666666666666,2006-05-01,6,5
13.666666666666666,0.37857142857142856,3.038888888888889,4.214285714285714,2006-06-01,6,6
22.444444444444443,0.2,1.439,4.978571428571429,2006-07-01,6,7
32.142857142857146,0.49677419354838703,3.0414285714285714,2.9619047619047616,2006-08-01,6,8
14.933333333333334,0.3,1.6953333333333336,4.395833333333333,2006-09-01,6,9
10.3125,0.47166666666666673,2.0975,3.7050000000000005,2006-10-01,6,10
18.571428571428573,0.5310344827586206,2.219285714285714,6.373684210526316,2006-11-01,6,11
7.611111111111111,1.4870967741935481,2.3899999999999997,6.910000000000001,2007-12-01,7,12
6.875,0.780967741935484,1.2706249999999997,5.919354838709679,2007-01-01,7,1
15.428571428571429,4.910714285714286,1.5,12.896296296296295,2007-02-01,7,2
21.6,1.5096774193548383,1.89125,5.846666666666668,2007-03-01,7,3
17.6,1.1133333333333333,1.1793333333333333,3.2333333333333325,2007-04-01,7,4
52.55555555555556,0.8159999999999998,1.375,3.3148148148148153,2007-05-01,7,5
15.7,0.6599999999999999,1.178,4.606666666666667,2007-06-01,7,6
27.952380952380953,0.37483870967741933,1.2447619047619047,4.219354838709678,2007-07-01,7,7
15.833333333333334,0.538,5.048333333333333,3.3677419354838714,2007-08-01,7,8
15.833333333333334,0.5106666666666665,1.5758333333333336,4.247058823529411,2007-09-01,7,9
17.0,0.33217391304347826,1.6046153846153843,4.73529411764706,2007-10-01,7,10
5.0,0.9033333333333332,1.3739999999999999,5.970000000000001,2007-11-01,7,11
7.611111111111111,1.4870967741935481,2.3899999999999997,6.910000000000001,2008-12-01,8,12
18.133333333333333,2.37741935483871,2.5313333333333334,7.905263157894736,2008-01-01,8,1
13.533333333333333,1.2655172413793108,1.2633333333333332,6.978947368421053,2008-02-01,8,2
11.6875,0.7322580645161293,1.585,4.133333333333333,2008-03-01,8,3
41.8,1.15,2.4459999999999997,5.427777777777777,2008-04-01,8,4
29.625,0.5366666666666666,3.4506250000000005,3.210344827586207,2008-05-01,8,5
30.533333333333335,0.34166666666666673,1.5699999999999998,3.504761904761904,2008-06-01,8,6
23.6875,0.39999999999999997,1.079375,3.9047619047619033,2008-07-01,8,7
28.0,0.47884615384615387,1.4434615384615381,3.011764705882353,2008-08-01,8,8
18.733333333333334,0.9448275862068967,2.007333333333334,4.184210526315789,2008-09-01,8,9
12.9375,0.9806451612903226,2.18875,4.605263157894737,2008-10-01,8,10
5.0,0.9033333333333332,1.3739999999999999,5.970000000000001,2008-11-01,8,11
35.625,0.8612903225806451,1.738125,6.10952380952381,2009-12-01,9,12
15.3125,2.943666666666667,3.3525000000000005,6.75,2009-01-01,9,1
15.0,4.857142857142857,2.6000000000000005,4.58,2009-02-01,9,2
21.933333333333334,1.4132258064516128,2.8106666666666666,6.133333333333334,2009-03-01,9,3
33.4,2.083333333333333,2.048666666666666,6.005000000000001,2009-04-01,9,4
56.125,0.5193103448275861,0.97375,4.899999999999999,2009-05-01,9,5
27.0,0.22586206896551728,0.626,2.71,2009-06-01,9,6
24.615384615384617,0.22096774193548377,0.8507692307692307,3.223809523809524,2009-07-01,9,7
21.4,0.2819354838709677,0.6225,3.6238095238095234,2009-08-01,9,8
11.466666666666667,0.3158620689655171,0.712,3.125,2009-09-01,9,9
9.0,0.24884615384615374,0.38,4.7333333333333325,2009-10-01,9,10
8.071428571428571,0.14933333333333326,1.6164285714285715,4.479999999999999,2009-11-01,9,11
18.1875,1.77741935483871,3.22625,14.076190476190474,2010-12-01,10,12
31.5,2.4774193548387093,3.3525000000000005,11.038095238095238,2010-01-01,10,1
41.38461538461539,1.732142857142857,3.8876923076923076,5.2941176470588225,2010-02-01,10,2
67.0,1.003225806451613,3.411875,5.052380952380953,2010-03-01,10,3
111.78571428571429,0.925925925925926,2.572857142857143,4.936842105263158,2010-04-01,10,4
122.125,0.36612903225806454,4.291874999999999,3.4428571428571426,2010-05-01,10,5
71.73333333333333,0.16000000000000003,2.529333333333333,3.5629629629629638,2010-06-01,10,6
120.0,0.5066666666666667,2.2159375000000003,5.267741935483872,2010-07-01,10,7
139.46666666666667,0.6112903225806453,6.425333333333334,5.523809523809523,2010-08-01,10,8
85.78571428571429,0.382,0.9389285714285716,6.045,2010-09-01,10,9
35.285714285714285,0.48965517241379314,0.9179999999999999,6.67,2010-10-01,10,10
21.357142857142858,0.6679999999999999,1.4942857142857144,5.411764705882353,2010-11-01,10,11
18.1875,1.77741935483871,3.22625,14.076190476190474,2011-12-01,11,12
17.0625,2.1000000000000005,3.0118750000000007,10.247619047619049,2011-01-01,11,1
12.23076923076923,3.935714285714286,2.376153846153847,10.813333333333333,2011-02-01,11,2
45.666666666666664,0.9806451612903226,1.8219999999999998,7.0,2011-03-01,11,3
73.06666666666666,0.76,2.512666666666667,6.23,2011-04-01,11,4
91.5625,0.5177419354838712,2.2937499999999997,4.571428571428571,2011-05-01,11,5
49.1,0.5295454545454545,1.4789999999999999,4.685714285714285,2011-06-01,11,6
72.0,0.7304347826086957,0.9324999999999998,3.2133333333333334,2011-07-01,11,7
55.75,0.4035714285714285,2.3112500000000002,5.1421052631578945,2011-08-01,11,8
75.0,0.2368333333333333,3.7866666666666666,5.430000000000001,2011-09-01,11,9
27.333333333333332,0.7386538461538462,6.175,7.838095238095238,2011-10-01,11,10
27.76923076923077,0.5727272727272728,1.7792857142857146,7.575,2011-11-01,11,11
18.1875,1.77741935483871,3.22625,14.076190476190474,2012-12-01,12,12
15.0625,1.6129032258064513,4.099374999999999,10.633333333333335,2012-01-01,12,1
17.642857142857142,3.9137931034482762,4.477857142857142,8.221052631578948,2012-02-01,12,2
44.8125,1.1129032258064515,2.9306666666666663,7.828571428571429,2012-03-01,12,3
82.4,0.35666666666666663,2.097333333333333,4.465,2012-04-01,12,4
141.0,0.3758064516129031,1.4512500000000002,3.3666666666666667,2012-05-01,12,5
79.4,0.21666666666666665,1.776,2.6550000000000002,2012-06-01,12,6
56.4375,0.2338709677419353,1.510625,3.5714285714285716,2012-07-01,12,7
30.875,0.11833333333333336,1.0934374999999998,4.8050000000000015,2012-08-01,12,8
18.0,0.4034482758620689,1.141333333333333,3.4,2012-09-01,12,9
35.6875,0.49516129032258055,1.3975000000000002,4.3238095238095235,2012-10-01,12,10
9.066666666666666,0.46666666666666673,1.127,5.48,2012-11-01,12,11
18.1875,1.77741935483871,3.22625,14.076190476190474,2013-12-01,13,12
25.5,3.05483870967742,3.21125,10.861904761904762,2013-01-01,13,1
23.615384615384617,3.025,3.176923076923077,9.333333333333334,2013-02-01,13,2
39.875,3.2967741935483867,1.2893750000000002,8.430000000000001,2013-03-01,13,3
47.0,0.8649999999999999,1.3716666666666666,6.278947368421053,2013-04-01,13,4
98.125,0.6290322580645163,2.195,4.194117647058824,2013-05-01,13,5
92.0,0.33666666666666667,1.3393333333333333,5.3599999999999985,2013-06-01,13,6
46.8125,0.2854838709677418,1.3225,5.8571428571428585,2013-07-01,13,7
33.6875,0.31129032258064504,1.6400000000000003,4.942857142857142,2013-08-01,13,8
44.07142857142857,0.28333333333333327,0.6546428571428572,6.32,2013-09-01,13,9
13.8125,0.46935483870967737,1.6412499999999999,9.604761904761906,2013-10-01,13,10
20.666666666666668,0.47833333333333333,2.066333333333333,7.485000000000001,2013-11-01,13,11
18.1875,1.77741935483871,3.22625,14.076190476190474,2014-12-01,14,12
14.0,0.8434782608695651,2.0453125,9.093333333333334,2014-01-01,14,1
12.846153846153847,1.732142857142857,2.816923076923077,9.88823529411765,2014-02-01,14,2
19.8125,1.5387096774193547,3.5025,7.523529411764706,2014-03-01,14,3
70.53333333333333,1.1066666666666662,2.454,5.275,2014-04-01,14,4
89.875,0.7,2.03875,2.528571428571428,2014-05-01,14,5
63.857142857142854,0.31,2.3713333333333337,5.214999999999999,2014-06-01,14,6
49.25,0.7216666666666666,1.7175000000000002,1.823809523809524,2014-07-01,14,7
53.875,0.23548387096774187,1.548125,0.7071428571428572,2014-08-01,14,8
45.6,0.6416666666666668,2.2239999999999998,2.0599999999999996,2014-09-01,14,9
21.5,0.5064516129032258,1.6506250000000007,3.338095238095238,2014-10-01,14,10
10.733333333333333,0.8566666666666667,1.6093333333333333,10.085,2014-11-01,14,11
18.1875,1.77741935483871,3.22625,14.076190476190474,2015-12-01,15,12
13.875,0.635483870967742,0.9981249999999999,4.540476190476191,2015-01-01,15,1
19.153846153846153,0.6714285714285715,0.5646153846153846,6.150000000000001,2015-02-01,15,2
29.125,0.774193548387097,1.2337500000000001,5.838095238095238,2015-03-01,15,3
88.86666666666666,0.14166666666666655,0.38499999999999995,4.209999999999999,2015-04-01,15,4
121.625,0.05967741935483874,0.23705882352941174,3.6476190476190475,2015-05-01,15,5
78.86666666666666,0.08933333333333333,0.022000000000000002,4.08,2015-06-01,15,6
39.6875,0.09193548387096769,0.13125,2.58,2015-07-01,15,7
29.0,0.10483870967741936,0.11874999999999997,3.3333333333333335,2015-08-01,15,8
54.2,0.3716666666666667,0.4663333333333333,3.285,2015-09-01,15,9
29.0625,0.432258064516129,0.754375,4.5095238095238095,2015-10-01,15,10
35.5,0.41666666666666674,0.5382142857142858,6.800000000000002,2015-11-01,15,11
18.1875,1.77741935483871,3.22625,6.68095238095238,2016-12-01,16,12
18.875,1.3645161290322578,0.8006249999999999,9.00952380952381,2016-01-01,16,1
19.153846153846153,0.8310344827586205,0.5646153846153846,3.4444444444444446,2016-02-01,16,2
45.285714285714285,0.8096774193548388,1.355,7.047619047619047,2016-03-01,16,3
40.93333333333333,0.6566666666666666,0.8056666666666668,4.052631578947368,2016-04-01,16,4
78.82352941176471,0.6006451612903225,1.141764705882353,4.274999999999999,2016-05-01,16,5
49.470588235294116,0.6066666666666669,0.9158823529411766,3.96,2016-06-01,16,6
64.6923076923077,0.27037037037037037,1.2446153846153847,2.583333333333334,2016-07-01,16,7
40.75,0.23548387096774193,0.815,3.0095238095238095,2016-08-01,16,8
26.8,0.23666666666666678,0.718,4.944999999999999,2016-09-01,16,9
13.933333333333334,1.0129032258064516,1.4566666666666663,5.214285714285714,2016-10-01,16,10
19.0,0.6379310344827588,1.547857142857143,5.344999999999999,2016-11-01,16,11
18.1875,1.77741935483871,3.22625,6.68095238095238,2017-12-01,17,12
13.25,0.9129032258064514,1.0437499999999997,8.166666666666666,2017-01-01,17,1
22.46153846153846,0.432142857142857,0.5884615384615384,8.894444444444442,2017-02-01,17,2
30.5,0.3903225806451612,0.613125,5.285714285714285,2017-03-01,17,3
53.2,0.4966666666666667,0.9640000000000001,6.1450000000000005,2017-04-01,17,4
87.39,0.5155172413793102,0.6658823529411766,4.8238095238095235,2017-05-01,17,5
74.07142857142857,0.3749999999999999,0.4014285714285715,4.15,2017-06-01,17,6
64.3125,0.21666666666666673,0.6437499999999999,2.861904761904762,2017-07-01,17,7
35.0,0.3142857142857142,0.7756249999999999,3.142857142857143,2017-08-01,17,8
39.4,0.5233333333333333,1.098,2.8350000000000004,2017-09-01,17,9
13.933333333333334,1.0129032258064516,1.4566666666666663,5.214285714285714,2017-10-01,17,10
19.0,0.6379310344827588,1.547857142857143,5.344999999999999,2017-11-01,17,11
